date,precipitation_sum
2015-01-01,9.7
2015-01-02,45.4
2015-01-03,35.1
2015-01-04,5.7
2015-01-05,6.4
2015-01-06,5.3
2015-01-07,16.9
2015-01-08,47.8
2015-01-09,0.2
2015-01-10,0.0
2015-01-11,0.0
2015-01-12,0.0
2015-01-13,0.0
2015-01-14,0.0
2015-01-15,0.0
2015-01-16,0.6
2015-01-17,4.9
2015-01-18,4.8
2015-01-19,0.2
2015-01-20,2.2
2015-01-21,0.0
2015-01-22,1.7
2015-01-23,1.7
2015-01-24,0.7
2015-01-25,0.3
2015-01-26,13.7
2015-01-27,4.0
2015-01-28,0.1
2015-01-29,0.1
2015-01-30,8.6
2015-01-31,16.6
2015-02-01,3.6
2015-02-02,0.5
2015-02-03,1.4
2015-02-04,0.2
2015-02-05,5.1
2015-02-06,1.6
2015-02-07,0.3
2015-02-08,2.3
2015-02-09,0.0
2015-02-10,3.0
2015-02-11,9.5
2015-02-12,2.7
2015-02-13,6.9
2015-02-14,21.8
2015-02-15,29.9
2015-02-16,15.3
2015-02-17,9.8
2015-02-18,13.9
2015-02-19,15.8
2015-02-20,5.3
2015-02-21,9.6
2015-02-22,4.5
2015-02-23,1.6
2015-02-24,3.9
2015-02-25,0.3
2015-02-26,11.2
2015-02-27,0.5
2015-02-28,0.0
2015-03-01,33.5
2015-03-02,20.1
2015-03-03,13.8
2015-03-04,2.9
2015-03-05,0.8
2015-03-06,5.6
2015-03-07,1.2
2015-03-08,3.9
2015-03-09,0.0
2015-03-10,0.0
2015-03-11,0.0
2015-03-12,1.3
2015-03-13,3.9
2015-03-14,0.1
2015-03-15,4.8
2015-03-16,3.2
2015-03-17,0.6
2015-03-18,0.2
2015-03-19,1.1
2015-03-20,4.9
2015-03-21,4.7
2015-03-22,1.6
2015-03-23,17.4
2015-03-24,12.3
2015-03-25,7.3
2015-03-26,9.6
2015-03-27,28.8
2015-03-28,11.6
2015-03-29,16.7
2015-03-30,15.6
2015-03-31,3.8
2015-04-01,5.6
2015-04-02,11.9
2015-04-03,8.4
2015-04-04,4.0
2015-04-05,0.1
2015-04-06,0.0
2015-04-07,0.2
2015-04-08,0.1
2015-04-09,0.0
2015-04-10,1.7
2015-04-11,0.3
2015-04-12,2.5
2015-04-13,12.5
2015-04-14,2.0
2015-04-15,0.4
2015-04-16,0.3
2015-04-17,6.4
2015-04-18,14.4
2015-04-19,14.7
2015-04-20,18.9
2015-04-21,11.1
2015-04-22,7.9
2015-04-23,2.5
2015-04-24,2.2
2015-04-25,16.2
2015-04-26,11.6
2015-04-27,6.9
2015-04-28,13.8
2015-04-29,33.8
2015-04-30,9.5
2015-05-01,7.3
2015-05-02,6.3
2015-05-03,0.2
2015-05-04,0.0
2015-05-05,0.3
2015-05-06,0.4
2015-05-07,0.4
2015-05-08,10.4
2015-05-09,24.3
2015-05-10,13.6
2015-05-11,16.3
2015-05-12,3.1
2015-05-13,7.3
2015-05-14,5.4
2015-05-15,6.1
2015-05-16,1.8
2015-05-17,0.0
2015-05-18,17.6
2015-05-19,9.7
2015-05-20,10.6
2015-05-21,11.0
2015-05-22,4.3
2015-05-23,8.4
2015-05-24,2.5
2015-05-25,4.4
2015-05-26,9.0
2015-05-27,7.1
2015-05-28,14.7
2015-05-29,14.1
2015-05-30,9.0
2015-05-31,5.6
2015-06-01,2.8
2015-06-02,2.1
2015-06-03,0.3
2015-06-04,4.4
2015-06-05,10.6
2015-06-06,3.8
2015-06-07,2.0
2015-06-08,1.0
2015-06-09,1.5
2015-06-10,13.0
2015-06-11,30.4
2015-06-12,55.9
2015-06-13,48.1
2015-06-14,24.7
2015-06-15,4.5
2015-06-16,8.7
2015-06-17,3.3
2015-06-18,5.1
2015-06-19,9.4
2015-06-20,20.7
2015-06-21,4.4
2015-06-22,13.2
2015-06-23,19.5
2015-06-24,128.5
2015-06-25,65.5
2015-06-26,21.4
2015-06-27,28.4
2015-06-28,25.6
2015-06-29,6.2
2015-06-30,3.4
2015-07-01,5.0
2015-07-02,17.1
2015-07-03,43.4
2015-07-04,20.2
2015-07-05,97.3
2015-07-06,13.2
2015-07-07,10.1
2015-07-08,0.7
2015-07-09,14.0
2015-07-10,4.2
2015-07-11,7.5
2015-07-12,3.7
2015-07-13,6.7
2015-07-14,28.9
2015-07-15,276.1
2015-07-16,152.3
2015-07-17,10.6
2015-07-18,6.3
2015-07-19,2.1
2015-07-20,2.1
2015-07-21,2.9
2015-07-22,10.2
2015-07-23,8.6
2015-07-24,23.1
2015-07-25,26.4
2015-07-26,1.0
2015-07-27,3.0
2015-07-28,11.9
2015-07-29,30.4
2015-07-30,127.0
2015-07-31,73.5
2015-08-01,32.8
2015-08-02,11.0
2015-08-03,16.9
2015-08-04,53.7
2015-08-05,49.6
2015-08-06,106.6
2015-08-07,5.3
2015-08-08,2.2
2015-08-09,21.5
2015-08-10,34.9
2015-08-11,51.4
2015-08-12,4.9
2015-08-13,9.6
2015-08-14,20.6
2015-08-15,80.6
2015-08-16,56.1
2015-08-17,32.8
2015-08-18,14.3
2015-08-19,88.4
2015-08-20,138.9
2015-08-21,54.7
2015-08-22,6.4
2015-08-23,12.7
2015-08-24,11.3
2015-08-25,27.6
2015-08-26,15.7
2015-08-27,51.7
2015-08-28,26.6
2015-08-29,57.4
2015-08-30,96.2
2015-08-31,73.0
2015-09-01,115.5
2015-09-02,49.6
2015-09-03,2.7
2015-09-04,4.0
2015-09-05,11.0
2015-09-06,2.8
2015-09-07,5.1
2015-09-08,6.5
2015-09-09,2.5
2015-09-10,3.7
2015-09-11,4.1
2015-09-12,12.3
2015-09-13,4.7
2015-09-14,17.1
2015-09-15,8.2
2015-09-16,2.1
2015-09-17,8.7
2015-09-18,11.0
2015-09-19,11.3
2015-09-20,12.9
2015-09-21,20.2
2015-09-22,40.7
2015-09-23,95.2
2015-09-24,115.1
2015-09-25,62.5
2015-09-26,41.4
2015-09-27,52.1
2015-09-28,11.6
2015-09-29,3.7
2015-09-30,1.7
2015-10-01,6.8
2015-10-02,41.0
2015-10-03,24.0
2015-10-04,5.0
2015-10-05,1.4
2015-10-06,0.0
2015-10-07,0.0
2015-10-08,0.0
2015-10-09,8.4
2015-10-10,7.2
2015-10-11,0.6
2015-10-12,7.9
2015-10-13,0.0
2015-10-14,1.6
2015-10-15,8.1
2015-10-16,1.1
2015-10-17,0.5
2015-10-18,6.6
2015-10-19,2.0
2015-10-20,5.1
2015-10-21,1.2
2015-10-22,3.7
2015-10-23,3.9
2015-10-24,0.0
2015-10-25,3.8
2015-10-26,5.0
2015-10-27,1.8
2015-10-28,1.3
2015-10-29,7.4
2015-10-30,0.4
2015-10-31,0.0
2015-11-01,0.2
2015-11-02,1.9
2015-11-03,23.7
2015-11-04,12.2
2015-11-05,14.9
2015-11-06,1.6
2015-11-07,0.3
2015-11-08,3.5
2015-11-09,0.4
2015-11-10,6.7
2015-11-11,5.5
2015-11-12,0.0
2015-11-13,0.0
2015-11-14,9.7
2015-11-15,28.0
2015-11-16,17.3
2015-11-17,3.2
2015-11-18,2.3
2015-11-19,0.8
2015-11-20,0.0
2015-11-21,2.6
2015-11-22,0.6
2015-11-23,0.0
2015-11-24,0.6
2015-11-25,2.1
2015-11-26,4.1
2015-11-27,31.8
2015-11-28,4.1
2015-11-29,1.8
2015-11-30,6.8
2015-12-01,3.9
2015-12-02,4.9
2015-12-03,6.5
2015-12-04,7.6
2015-12-05,1.2
2015-12-06,0.0
2015-12-07,0.0
2015-12-08,0.0
2015-12-09,0.1
2015-12-10,3.1
2015-12-11,6.0
2015-12-12,2.4
2015-12-13,0.0
2015-12-14,1.5
2015-12-15,8.1
2015-12-16,0.1
2015-12-17,0.4
2015-12-18,2.1
2015-12-19,0.0
2015-12-20,3.5
2015-12-21,11.1
2015-12-22,2.6
2015-12-23,0.0
2015-12-24,0.6
2015-12-25,0.2
2015-12-26,0.0
2015-12-27,0.0
2015-12-28,0.0
2015-12-29,0.0
2015-12-30,0.0
2015-12-31,5.8
2016-01-01,0.9
2016-01-02,2.1
2016-01-03,0.0
2016-01-04,0.0
2016-01-05,0.9
2016-01-06,4.2
2016-01-07,6.0
2016-01-08,4.6
2016-01-09,11.1
2016-01-10,7.7
2016-01-11,0.5
2016-01-12,1.2
2016-01-13,7.4
2016-01-14,14.0
2016-01-15,16.6
2016-01-16,2.7
2016-01-17,3.8
2016-01-18,4.0
2016-01-19,5.9
2016-01-20,4.8
2016-01-21,5.0
2016-01-22,4.1
2016-01-23,2.8
2016-01-24,8.8
2016-01-25,28.3
2016-01-26,23.9
2016-01-27,30.3
2016-01-28,8.7
2016-01-29,0.2
2016-01-30,6.8
2016-01-31,9.9
2016-02-01,8.4
2016-02-02,11.6
2016-02-03,4.3
2016-02-04,0.5
2016-02-05,0.0
2016-02-06,0.0
2016-02-07,0.0
2016-02-08,6.5
2016-02-09,16.4
2016-02-10,13.0
2016-02-11,1.8
2016-02-12,0.1
2016-02-13,0.7
2016-02-14,0.0
2016-02-15,0.0
2016-02-16,0.0
2016-02-17,0.0
2016-02-18,0.0
2016-02-19,0.0
2016-02-20,5.5
2016-02-21,10.7
2016-02-22,12.6
2016-02-23,39.9
2016-02-24,14.7
2016-02-25,9.2
2016-02-26,6.0
2016-02-27,3.4
2016-02-28,8.4
2016-02-29,0.1
2016-03-01,4.5
2016-03-02,8.6
2016-03-03,9.9
2016-03-04,9.9
2016-03-05,5.4
2016-03-06,0.9
2016-03-07,0.3
2016-03-08,0.0
2016-03-09,0.0
2016-03-10,0.0
2016-03-11,0.6
2016-03-12,3.4
2016-03-13,5.0
2016-03-14,2.7
2016-03-15,1.4
2016-03-16,1.8
2016-03-17,1.9
2016-03-18,0.7
2016-03-19,1.5
2016-03-20,3.5
2016-03-21,3.0
2016-03-22,2.0
2016-03-23,1.0
2016-03-24,0.0
2016-03-25,0.0
2016-03-26,4.1
2016-03-27,6.8
2016-03-28,23.3
2016-03-29,0.0
2016-03-30,8.6
2016-03-31,21.2
2016-04-01,7.8
2016-04-02,25.5
2016-04-03,29.9
2016-04-04,19.8
2016-04-05,6.1
2016-04-06,0.9
2016-04-07,0.0
2016-04-08,0.0
2016-04-09,0.0
2016-04-10,0.0
2016-04-11,0.0
2016-04-12,0.0
2016-04-13,0.2
2016-04-14,0.3
2016-04-15,0.0
2016-04-16,0.3
2016-04-17,12.8
2016-04-18,4.1
2016-04-19,1.9
2016-04-20,5.0
2016-04-21,1.7
2016-04-22,2.9
2016-04-23,0.0
2016-04-24,0.0
2016-04-25,0.0
2016-04-26,0.0
2016-04-27,0.0
2016-04-28,0.0
2016-04-29,0.0
2016-04-30,0.0
2016-05-01,0.0
2016-05-02,0.0
2016-05-03,9.5
2016-05-04,22.3
2016-05-05,5.9
2016-05-06,10.9
2016-05-07,0.2
2016-05-08,0.8
2016-05-09,5.7
2016-05-10,0.0
2016-05-11,0.0
2016-05-12,4.9
2016-05-13,36.8
2016-05-14,31.0
2016-05-15,27.4
2016-05-16,11.7
2016-05-17,20.5
2016-05-18,2.3
2016-05-19,7.3
2016-05-20,20.3
2016-05-21,41.0
2016-05-22,0.0
2016-05-23,24.1
2016-05-24,27.8
2016-05-25,28.5
2016-05-26,5.7
2016-05-27,6.9
2016-05-28,127.4
2016-05-29,11.6
2016-05-30,16.3
2016-05-31,25.5
2016-06-01,8.7
2016-06-02,4.5
2016-06-03,5.5
2016-06-04,2.1
2016-06-05,17.9
2016-06-06,29.7
2016-06-07,49.6
2016-06-08,19.1
2016-06-09,6.3
2016-06-10,15.3
2016-06-11,19.7
2016-06-12,38.3
2016-06-13,67.6
2016-06-14,27.8
2016-06-15,15.7
2016-06-16,19.9
2016-06-17,10.2
2016-06-18,12.2
2016-06-19,25.3
2016-06-20,125.1
2016-06-21,144.4
2016-06-22,59.8
2016-06-23,86.4
2016-06-24,48.7
2016-06-25,28.4
2016-06-26,22.7
2016-06-27,44.3
2016-06-28,98.6
2016-06-29,47.4
2016-06-30,59.6
2016-07-01,118.0
2016-07-02,40.4
2016-07-03,10.3
2016-07-04,26.0
2016-07-05,21.6
2016-07-06,34.3
2016-07-07,14.2
2016-07-08,47.7
2016-07-09,12.6
2016-07-10,20.7
2016-07-11,54.6
2016-07-12,10.5
2016-07-13,36.2
2016-07-14,130.1
2016-07-15,79.5
2016-07-16,23.2
2016-07-17,7.8
2016-07-18,27.0
2016-07-19,22.7
2016-07-20,37.6
2016-07-21,40.4
2016-07-22,47.1
2016-07-23,20.6
2016-07-24,87.5
2016-07-25,179.1
2016-07-26,122.3
2016-07-27,24.7
2016-07-28,39.3
2016-07-29,37.3
2016-07-30,44.8
2016-07-31,51.7
2016-08-01,21.5
2016-08-02,0.4
2016-08-03,1.2
2016-08-04,5.0
2016-08-05,11.9
2016-08-06,10.2
2016-08-07,7.6
2016-08-08,11.4
2016-08-09,18.0
2016-08-10,31.9
2016-08-11,21.0
2016-08-12,12.9
2016-08-13,16.5
2016-08-14,30.6
2016-08-15,11.8
2016-08-16,1.8
2016-08-17,5.4
2016-08-18,8.1
2016-08-19,5.5
2016-08-20,2.0
2016-08-21,5.7
2016-08-22,41.8
2016-08-23,8.9
2016-08-24,4.0
2016-08-25,0.0
2016-08-26,0.4
2016-08-27,0.0
2016-08-28,3.3
2016-08-29,37.0
2016-08-30,24.3
2016-08-31,73.0
2016-09-01,41.8
2016-09-02,101.7
2016-09-03,118.5
2016-09-04,9.8
2016-09-05,10.4
2016-09-06,11.8
2016-09-07,23.6
2016-09-08,36.0
2016-09-09,10.6
2016-09-10,91.5
2016-09-11,74.7
2016-09-12,118.2
2016-09-13,25.0
2016-09-14,10.4
2016-09-15,14.4
2016-09-16,39.3
2016-09-17,84.0
2016-09-18,40.3
2016-09-19,103.1
2016-09-20,28.7
2016-09-21,50.3
2016-09-22,15.4
2016-09-23,20.1
2016-09-24,9.2
2016-09-25,6.4
2016-09-26,14.7
2016-09-27,6.0
2016-09-28,2.8
2016-09-29,0.3
2016-09-30,3.1
2016-10-01,4.9
2016-10-02,2.9
2016-10-03,7.9
2016-10-04,8.5
2016-10-05,40.1
2016-10-06,20.3
2016-10-07,5.0
2016-10-08,54.7
2016-10-09,87.9
2016-10-10,1.0
2016-10-11,0.8
2016-10-12,6.5
2016-10-13,6.4
2016-10-14,24.5
2016-10-15,61.9
2016-10-16,14.8
2016-10-17,4.3
2016-10-18,1.4
2016-10-19,0.0
2016-10-20,0.0
2016-10-21,0.0
2016-10-22,0.1
2016-10-23,5.7
2016-10-24,12.0
2016-10-25,4.2
2016-10-26,0.2
2016-10-27,0.0
2016-10-28,0.0
2016-10-29,0.0
2016-10-30,0.0
2016-10-31,0.0
2016-11-01,0.0
2016-11-02,0.0
2016-11-03,0.0
2016-11-04,0.0
2016-11-05,0.0
2016-11-06,2.1
2016-11-07,1.3
2016-11-08,0.0
2016-11-09,0.0
2016-11-10,0.0
2016-11-11,0.0
2016-11-12,0.0
2016-11-13,0.6
2016-11-14,0.0
2016-11-15,0.0
2016-11-16,0.0
2016-11-17,0.0
2016-11-18,0.0
2016-11-19,8.4
2016-11-20,1.6
2016-11-21,0.0
2016-11-22,0.0
2016-11-23,0.3
2016-11-24,0.1
2016-11-25,0.0
2016-11-26,0.7
2016-11-27,2.3
2016-11-28,0.2
2016-11-29,0.1
2016-11-30,0.0
2016-12-01,2.3
2016-12-02,46.2
2016-12-03,25.0
2016-12-04,0.0
2016-12-05,0.0
2016-12-06,0.1
2016-12-07,0.0
2016-12-08,0.0
2016-12-09,0.0
2016-12-10,0.2
2016-12-11,1.1
2016-12-12,0.0
2016-12-13,0.0
2016-12-14,0.0
2016-12-15,0.2
2016-12-16,5.1
2016-12-17,0.0
2016-12-18,0.0
2016-12-19,0.0
2016-12-20,0.0
2016-12-21,0.0
2016-12-22,0.3
2016-12-23,0.1
2016-12-24,3.8
2016-12-25,4.7
2016-12-26,0.0
2016-12-27,1.7
2016-12-28,2.4
2016-12-29,0.6
2016-12-30,0.2
2016-12-31,0.0
2017-01-01,3.9
2017-01-02,1.3
2017-01-03,0.9
2017-01-04,7.3
2017-01-05,2.7
2017-01-06,0.1
2017-01-07,30.5
2017-01-08,5.4
2017-01-09,2.7
2017-01-10,9.3
2017-01-11,19.9
2017-01-12,1.4
2017-01-13,4.7
2017-01-14,0.7
2017-01-15,0.4
2017-01-16,2.8
2017-01-17,12.0
2017-01-18,16.9
2017-01-19,3.1
2017-01-20,0.0
2017-01-21,0.0
2017-01-22,0.2
2017-01-23,0.0
2017-01-24,0.0
2017-01-25,0.0
2017-01-26,0.0
2017-01-27,17.8
2017-01-28,0.2
2017-01-29,0.6
2017-01-30,3.2
2017-01-31,13.1
2017-02-01,8.8
2017-02-02,7.0
2017-02-03,0.0
2017-02-04,0.0
2017-02-05,0.0
2017-02-06,2.8
2017-02-07,0.0
2017-02-08,0.0
2017-02-09,11.9
2017-02-10,4.7
2017-02-11,0.2
2017-02-12,6.2
2017-02-13,6.0
2017-02-14,1.0
2017-02-15,0.1
2017-02-16,0.7
2017-02-17,1.8
2017-02-18,4.8
2017-02-19,6.3
2017-02-20,14.5
2017-02-21,17.9
2017-02-22,22.6
2017-02-23,0.7
2017-02-24,0.0
2017-02-25,0.7
2017-02-26,7.8
2017-02-27,0.2
2017-02-28,0.5
2017-03-01,22.9
2017-03-02,10.9
2017-03-03,9.4
2017-03-04,1.5
2017-03-05,0.0
2017-03-06,0.7
2017-03-07,3.3
2017-03-08,1.2
2017-03-09,30.7
2017-03-10,32.2
2017-03-11,23.6
2017-03-12,18.3
2017-03-13,0.0
2017-03-14,8.4
2017-03-15,0.0
2017-03-16,6.6
2017-03-17,22.7
2017-03-18,14.1
2017-03-19,13.3
2017-03-20,23.9
2017-03-21,2.6
2017-03-22,10.8
2017-03-23,10.9
2017-03-24,13.4
2017-03-25,2.0
2017-03-26,3.7
2017-03-27,8.7
2017-03-28,1.2
2017-03-29,4.1
2017-03-30,0.8
2017-03-31,14.8
2017-04-01,3.0
2017-04-02,1.1
2017-04-03,0.4
2017-04-04,0.2
2017-04-05,12.1
2017-04-06,10.9
2017-04-07,2.3
2017-04-08,8.5
2017-04-09,0.0
2017-04-10,0.3
2017-04-11,0.0
2017-04-12,1.0
2017-04-13,0.3
2017-04-14,8.8
2017-04-15,5.1
2017-04-16,0.8
2017-04-17,3.8
2017-04-18,25.6
2017-04-19,39.2
2017-04-20,1.4
2017-04-21,9.0
2017-04-22,26.5
2017-04-23,27.6
2017-04-24,5.5
2017-04-25,3.1
2017-04-26,2.3
2017-04-27,3.5
2017-04-28,0.0
2017-04-29,3.5
2017-04-30,5.5
2017-05-01,19.4
2017-05-02,0.2
2017-05-03,4.7
2017-05-04,18.8
2017-05-05,0.1
2017-05-06,5.0
2017-05-07,1.8
2017-05-08,2.3
2017-05-09,2.0
2017-05-10,0.9
2017-05-11,4.3
2017-05-12,8.2
2017-05-13,3.4
2017-05-14,4.9
2017-05-15,4.8
2017-05-16,5.0
2017-05-17,30.0
2017-05-18,14.6
2017-05-19,13.2
2017-05-20,5.5
2017-05-21,7.7
2017-05-22,5.6
2017-05-23,4.3
2017-05-24,2.6
2017-05-25,8.7
2017-05-26,16.3
2017-05-27,24.5
2017-05-28,14.0
2017-05-29,26.0
2017-05-30,28.4
2017-05-31,6.4
2017-06-01,26.0
2017-06-02,21.9
2017-06-03,1.8
2017-06-04,16.3
2017-06-05,9.0
2017-06-06,6.0
2017-06-07,2.3
2017-06-08,3.5
2017-06-09,4.8
2017-06-10,5.7
2017-06-11,4.0
2017-06-12,8.9
2017-06-13,6.5
2017-06-14,4.4
2017-06-15,5.9
2017-06-16,7.6
2017-06-17,4.1
2017-06-18,1.8
2017-06-19,5.0
2017-06-20,14.0
2017-06-21,75.8
2017-06-22,8.1
2017-06-23,11.9
2017-06-24,9.7
2017-06-25,4.0
2017-06-26,5.6
2017-06-27,25.4
2017-06-28,46.6
2017-06-29,41.1
2017-06-30,89.5
2017-07-01,117.8
2017-07-02,83.6
2017-07-03,12.5
2017-07-04,39.2
2017-07-05,50.4
2017-07-06,16.6
2017-07-07,3.5
2017-07-08,12.6
2017-07-09,59.1
2017-07-10,46.5
2017-07-11,13.2
2017-07-12,9.9
2017-07-13,8.0
2017-07-14,2.6
2017-07-15,7.1
2017-07-16,1.3
2017-07-17,3.3
2017-07-18,1.2
2017-07-19,7.5
2017-07-20,1.5
2017-07-21,39.8
2017-07-22,8.0
2017-07-23,5.5
2017-07-24,6.7
2017-07-25,8.6
2017-07-26,16.9
2017-07-27,4.1
2017-07-28,19.3
2017-07-29,55.9
2017-07-30,106.1
2017-07-31,1.9
2017-08-01,18.4
2017-08-02,21.6
2017-08-03,63.7
2017-08-04,15.0
2017-08-05,21.5
2017-08-06,2.7
2017-08-07,62.2
2017-08-08,12.0
2017-08-09,36.8
2017-08-10,33.4
2017-08-11,64.8
2017-08-12,50.0
2017-08-13,104.1
2017-08-14,1.9
2017-08-15,4.3
2017-08-16,16.6
2017-08-17,12.3
2017-08-18,1.1
2017-08-19,18.7
2017-08-20,4.1
2017-08-21,15.1
2017-08-22,42.5
2017-08-23,22.0
2017-08-24,11.3
2017-08-25,15.1
2017-08-26,5.0
2017-08-27,5.7
2017-08-28,17.6
2017-08-29,6.7
2017-08-30,59.9
2017-08-31,23.4
2017-09-01,45.2
2017-09-02,56.2
2017-09-03,58.6
2017-09-04,0.3
2017-09-05,2.3
2017-09-06,4.1
2017-09-07,9.0
2017-09-08,10.1
2017-09-09,3.8
2017-09-10,22.2
2017-09-11,21.5
2017-09-12,3.5
2017-09-13,35.2
2017-09-14,17.9
2017-09-15,11.9
2017-09-16,1.7
2017-09-17,0.0
2017-09-18,3.9
2017-09-19,0.3
2017-09-20,5.2
2017-09-21,27.5
2017-09-22,17.4
2017-09-23,5.0
2017-09-24,15.5
2017-09-25,4.7
2017-09-26,6.4
2017-09-27,15.0
2017-09-28,1.5
2017-09-29,32.9
2017-09-30,22.7
2017-10-01,5.1
2017-10-02,10.8
2017-10-03,0.5
2017-10-04,0.4
2017-10-05,0.0
2017-10-06,0.3
2017-10-07,5.2
2017-10-08,24.1
2017-10-09,4.1
2017-10-10,18.0
2017-10-11,1.1
2017-10-12,9.2
2017-10-13,1.8
2017-10-14,3.9
2017-10-15,4.1
2017-10-16,5.0
2017-10-17,0.0
2017-10-18,0.0
2017-10-19,0.0
2017-10-20,9.2
2017-10-21,30.9
2017-10-22,24.8
2017-10-23,19.3
2017-10-24,5.0
2017-10-25,6.2
2017-10-26,0.0
2017-10-27,2.3
2017-10-28,5.3
2017-10-29,1.6
2017-10-30,0.0
2017-10-31,1.5
2017-11-01,1.2
2017-11-02,0.5
2017-11-03,0.0
2017-11-04,0.0
2017-11-05,0.4
2017-11-06,0.0
2017-11-07,0.0
2017-11-08,0.1
2017-11-09,0.5
2017-11-10,0.0
2017-11-11,0.4
2017-11-12,0.1
2017-11-13,0.3
2017-11-14,0.1
2017-11-15,0.0
2017-11-16,1.4
2017-11-17,0.1
2017-11-18,0.4
2017-11-19,7.4
2017-11-20,5.7
2017-11-21,0.5
2017-11-22,10.6
2017-11-23,0.6
2017-11-24,0.0
2017-11-25,0.6
2017-11-26,1.4
2017-11-27,6.2
2017-11-28,5.0
2017-11-29,2.2
2017-11-30,0.4
2017-12-01,1.2
2017-12-02,0.1
2017-12-03,0.1
2017-12-04,0.3
2017-12-05,0.2
2017-12-06,3.5
2017-12-07,0.1
2017-12-08,1.9
2017-12-09,0.0
2017-12-10,0.0
2017-12-11,3.9
2017-12-12,6.9
2017-12-13,1.0
2017-12-14,1.5
2017-12-15,0.0
2017-12-16,0.0
2017-12-17,0.2
2017-12-18,0.0
2017-12-19,0.0
2017-12-20,0.0
2017-12-21,0.2
2017-12-22,0.3
2017-12-23,0.0
2017-12-24,1.8
2017-12-25,1.9
2017-12-26,0.0
2017-12-27,0.0
2017-12-28,0.0
2017-12-29,0.0
2017-12-30,0.0
2017-12-31,0.0
2018-01-01,0.0
2018-01-02,0.7
2018-01-03,0.0
2018-01-04,0.0
2018-01-05,2.5
2018-01-06,0.0
2018-01-07,0.0
2018-01-08,0.0
2018-01-09,0.0
2018-01-10,0.0
2018-01-11,0.0
2018-01-12,0.2
2018-01-13,1.3
2018-01-14,6.0
2018-01-15,0.9
2018-01-16,0.1
2018-01-17,0.0
2018-01-18,0.0
2018-01-19,0.2
2018-01-20,0.4
2018-01-21,7.0
2018-01-22,0.4
2018-01-23,2.4
2018-01-24,11.3
2018-01-25,0.1
2018-01-26,0.3
2018-01-27,4.8
2018-01-28,0.5
2018-01-29,1.7
2018-01-30,0.0
2018-01-31,1.3
2018-02-01,3.9
2018-02-02,5.1
2018-02-03,19.0
2018-02-04,0.6
2018-02-05,0.0
2018-02-06,0.0
2018-02-07,7.8
2018-02-08,0.3
2018-02-09,5.0
2018-02-10,0.4
2018-02-11,1.5
2018-02-12,5.5
2018-02-13,38.6
2018-02-14,3.9
2018-02-15,0.0
2018-02-16,5.0
2018-02-17,26.3
2018-02-18,5.5
2018-02-19,5.7
2018-02-20,1.1
2018-02-21,2.5
2018-02-22,11.8
2018-02-23,2.3
2018-02-24,3.7
2018-02-25,7.2
2018-02-26,0.5
2018-02-27,6.3
2018-02-28,12.3
2018-03-01,3.7
2018-03-02,1.0
2018-03-03,0.5
2018-03-04,13.1
2018-03-05,22.8
2018-03-06,1.0
2018-03-07,0.0
2018-03-08,15.2
2018-03-09,4.5
2018-03-10,2.7
2018-03-11,3.0
2018-03-12,4.8
2018-03-13,4.7
2018-03-14,2.2
2018-03-15,25.7
2018-03-16,6.6
2018-03-17,2.5
2018-03-18,4.8
2018-03-19,0.0
2018-03-20,0.1
2018-03-21,3.4
2018-03-22,4.1
2018-03-23,2.1
2018-03-24,0.0
2018-03-25,5.0
2018-03-26,1.0
2018-03-27,0.0
2018-03-28,4.4
2018-03-29,3.6
2018-03-30,9.1
2018-03-31,0.0
2018-04-01,1.2
2018-04-02,0.0
2018-04-03,4.1
2018-04-04,37.3
2018-04-05,4.4
2018-04-06,3.8
2018-04-07,22.6
2018-04-08,0.3
2018-04-09,1.5
2018-04-10,1.7
2018-04-11,19.6
2018-04-12,21.1
2018-04-13,5.1
2018-04-14,0.1
2018-04-15,0.3
2018-04-16,0.2
2018-04-17,5.0
2018-04-18,5.7
2018-04-19,4.2
2018-04-20,7.9
2018-04-21,3.8
2018-04-22,0.0
2018-04-23,0.0
2018-04-24,0.6
2018-04-25,0.0
2018-04-26,1.7
2018-04-27,2.6
2018-04-28,4.6
2018-04-29,3.9
2018-04-30,12.8
2018-05-01,4.8
2018-05-02,3.5
2018-05-03,49.8
2018-05-04,13.8
2018-05-05,17.6
2018-05-06,1.0
2018-05-07,3.3
2018-05-08,11.1
2018-05-09,7.0
2018-05-10,3.9
2018-05-11,1.4
2018-05-12,17.8
2018-05-13,28.3
2018-05-14,39.5
2018-05-15,0.2
2018-05-16,3.8
2018-05-17,40.0
2018-05-18,17.7
2018-05-19,32.0
2018-05-20,10.9
2018-05-21,11.4
2018-05-22,20.1
2018-05-23,35.3
2018-05-24,19.1
2018-05-25,6.6
2018-05-26,9.0
2018-05-27,4.2
2018-05-28,0.4
2018-05-29,12.3
2018-05-30,11.5
2018-05-31,1.3
2018-06-01,2.2
2018-06-02,1.8
2018-06-03,3.2
2018-06-04,4.8
2018-06-05,1.9
2018-06-06,0.0
2018-06-07,1.3
2018-06-08,46.0
2018-06-09,0.0
2018-06-10,8.7
2018-06-11,7.8
2018-06-12,49.7
2018-06-13,4.6
2018-06-14,92.9
2018-06-15,63.5
2018-06-16,97.1
2018-06-17,48.2
2018-06-18,2.4
2018-06-19,6.6
2018-06-20,2.0
2018-06-21,16.9
2018-06-22,3.9
2018-06-23,2.3
2018-06-24,79.0
2018-06-25,25.7
2018-06-26,9.3
2018-06-27,11.8
2018-06-28,16.3
2018-06-29,5.4
2018-06-30,29.6
2018-07-01,64.3
2018-07-02,35.9
2018-07-03,73.6
2018-07-04,41.7
2018-07-05,42.8
2018-07-06,1.3
2018-07-07,9.2
2018-07-08,70.3
2018-07-09,114.1
2018-07-10,34.1
2018-07-11,53.7
2018-07-12,82.1
2018-07-13,28.0
2018-07-14,38.6
2018-07-15,19.1
2018-07-16,8.1
2018-07-17,2.6
2018-07-18,39.6
2018-07-19,0.7
2018-07-20,0.4
2018-07-21,12.7
2018-07-22,3.3
2018-07-23,10.6
2018-07-24,10.6
2018-07-25,34.0
2018-07-26,40.5
2018-07-27,4.5
2018-07-28,1.4
2018-07-29,13.6
2018-07-30,59.3
2018-07-31,13.7
2018-08-01,18.4
2018-08-02,41.0
2018-08-03,7.6
2018-08-04,17.5
2018-08-05,135.9
2018-08-06,12.1
2018-08-07,4.5
2018-08-08,12.9
2018-08-09,22.9
2018-08-10,57.3
2018-08-11,62.2
2018-08-12,8.3
2018-08-13,47.5
2018-08-14,6.0
2018-08-15,2.6
2018-08-16,4.9
2018-08-17,3.1
2018-08-18,16.0
2018-08-19,0.8
2018-08-20,2.7
2018-08-21,10.4
2018-08-22,11.1
2018-08-23,3.8
2018-08-24,19.2
2018-08-25,47.1
2018-08-26,3.0
2018-08-27,1.1
2018-08-28,32.3
2018-08-29,11.8
2018-08-30,19.5
2018-08-31,64.6
2018-09-01,1.1
2018-09-02,15.9
2018-09-03,11.1
2018-09-04,6.3
2018-09-05,9.9
2018-09-06,2.3
2018-09-07,4.0
2018-09-08,12.3
2018-09-09,9.5
2018-09-10,92.3
2018-09-11,58.0
2018-09-12,11.7
2018-09-13,10.6
2018-09-14,17.6
2018-09-15,0.7
2018-09-16,3.6
2018-09-17,0.4
2018-09-18,1.8
2018-09-19,5.3
2018-09-20,1.7
2018-09-21,11.2
2018-09-22,1.1
2018-09-23,3.0
2018-09-24,21.6
2018-09-25,11.0
2018-09-26,4.0
2018-09-27,2.2
2018-09-28,0.8
2018-09-29,3.2
2018-09-30,18.9
2018-10-01,4.2
2018-10-02,43.5
2018-10-03,20.3
2018-10-04,2.7
2018-10-05,13.2
2018-10-06,9.9
2018-10-07,6.4
2018-10-08,0.4
2018-10-09,2.4
2018-10-10,4.5
2018-10-11,2.3
2018-10-12,23.1
2018-10-13,13.3
2018-10-14,1.9
2018-10-15,9.3
2018-10-16,36.6
2018-10-17,35.8
2018-10-18,14.5
2018-10-19,22.4
2018-10-20,4.4
2018-10-21,11.9
2018-10-22,11.8
2018-10-23,0.0
2018-10-24,0.0
2018-10-25,5.0
2018-10-26,0.9
2018-10-27,0.0
2018-10-28,0.0
2018-10-29,0.0
2018-10-30,0.0
2018-10-31,0.0
2018-11-01,0.0
2018-11-02,1.2
2018-11-03,0.3
2018-11-04,8.0
2018-11-05,1.6
2018-11-06,0.0
2018-11-07,0.0
2018-11-08,0.0
2018-11-09,0.0
2018-11-10,2.0
2018-11-11,1.2
2018-11-12,10.3
2018-11-13,29.6
2018-11-14,19.6
2018-11-15,6.5
2018-11-16,0.2
2018-11-17,1.3
2018-11-18,2.1
2018-11-19,5.6
2018-11-20,4.7
2018-11-21,2.1
2018-11-22,3.6
2018-11-23,0.4
2018-11-24,0.0
2018-11-25,0.0
2018-11-26,0.0
2018-11-27,0.0
2018-11-28,0.0
2018-11-29,0.6
2018-11-30,11.1
2018-12-01,5.5
2018-12-02,5.0
2018-12-03,4.0
2018-12-04,7.6
2018-12-05,6.3
2018-12-06,34.7
2018-12-07,15.8
2018-12-08,0.0
2018-12-09,0.6
2018-12-10,2.7
2018-12-11,0.0
2018-12-12,0.2
2018-12-13,10.1
2018-12-14,4.0
2018-12-15,0.0
2018-12-16,0.0
2018-12-17,0.0
2018-12-18,0.1
2018-12-19,0.0
2018-12-20,0.0
2018-12-21,1.9
2018-12-22,1.8
2018-12-23,0.0
2018-12-24,0.3
2018-12-25,2.9
2018-12-26,2.6
2018-12-27,7.2
2018-12-28,4.9
2018-12-29,0.0
2018-12-30,0.0
2018-12-31,0.0
2019-01-01,0.0
2019-01-02,0.7
2019-01-03,2.5
2019-01-04,0.0
2019-01-05,3.4
2019-01-06,1.3
2019-01-07,2.8
2019-01-08,0.0
2019-01-09,0.0
2019-01-10,0.1
2019-01-11,0.8
2019-01-12,2.5
2019-01-13,4.1
2019-01-14,2.6
2019-01-15,0.0
2019-01-16,0.0
2019-01-17,0.4
2019-01-18,0.0
2019-01-19,0.3
2019-01-20,0.9
2019-01-21,0.0
2019-01-22,3.4
2019-01-23,4.7
2019-01-24,1.6
2019-01-25,19.2
2019-01-26,33.1
2019-01-27,7.5
2019-01-28,1.9
2019-01-29,0.0
2019-01-30,0.0
2019-01-31,0.4
2019-02-01,0.0
2019-02-02,0.1
2019-02-03,0.1
2019-02-04,0.0
2019-02-05,1.0
2019-02-06,20.4
2019-02-07,31.5
2019-02-08,3.2
2019-02-09,9.8
2019-02-10,0.0
2019-02-11,2.2
2019-02-12,0.0
2019-02-13,0.0
2019-02-14,5.6
2019-02-15,3.6
2019-02-16,24.6
2019-02-17,1.8
2019-02-18,15.5
2019-02-19,15.2
2019-02-20,1.6
2019-02-21,3.8
2019-02-22,13.8
2019-02-23,1.0
2019-02-24,1.5
2019-02-25,19.0
2019-02-26,11.2
2019-02-27,39.8
2019-02-28,20.3
2019-03-01,5.1
2019-03-02,0.0
2019-03-03,16.0
2019-03-04,19.0
2019-03-05,19.0
2019-03-06,0.6
2019-03-07,13.1
2019-03-08,0.9
2019-03-09,5.1
2019-03-10,1.7
2019-03-11,4.2
2019-03-12,0.4
2019-03-13,0.0
2019-03-14,11.2
2019-03-15,13.4
2019-03-16,0.0
2019-03-17,1.9
2019-03-18,5.9
2019-03-19,13.3
2019-03-20,4.0
2019-03-21,0.3
2019-03-22,0.0
2019-03-23,0.0
2019-03-24,0.3
2019-03-25,29.7
2019-03-26,19.8
2019-03-27,0.0
2019-03-28,1.2
2019-03-29,6.0
2019-03-30,20.3
2019-03-31,5.2
2019-04-01,1.9
2019-04-02,1.0
2019-04-03,0.8
2019-04-04,1.1
2019-04-05,2.8
2019-04-06,17.3
2019-04-07,10.4
2019-04-08,5.0
2019-04-09,2.1
2019-04-10,4.1
2019-04-11,10.5
2019-04-12,3.1
2019-04-13,1.7
2019-04-14,0.0
2019-04-15,0.4
2019-04-16,7.5
2019-04-17,10.1
2019-04-18,1.9
2019-04-19,2.5
2019-04-20,0.0
2019-04-21,3.4
2019-04-22,0.5
2019-04-23,1.2
2019-04-24,0.0
2019-04-25,0.0
2019-04-26,0.4
2019-04-27,2.5
2019-04-28,2.4
2019-04-29,5.0
2019-04-30,2.3
2019-05-01,6.5
2019-05-02,1.0
2019-05-03,3.0
2019-05-04,10.4
2019-05-05,14.8
2019-05-06,0.0
2019-05-07,0.1
2019-05-08,0.0
2019-05-09,0.0
2019-05-10,3.6
2019-05-11,6.1
2019-05-12,2.4
2019-05-13,8.3
2019-05-14,14.2
2019-05-15,11.9
2019-05-16,7.4
2019-05-17,3.1
2019-05-18,11.3
2019-05-19,0.2
2019-05-20,1.7
2019-05-21,2.4
2019-05-22,2.1
2019-05-23,9.7
2019-05-24,8.0
2019-05-25,10.0
2019-05-26,1.9
2019-05-27,2.5
2019-05-28,3.6
2019-05-29,0.5
2019-05-30,6.1
2019-05-31,0.5
2019-06-01,8.7
2019-06-02,1.3
2019-06-03,1.2
2019-06-04,4.8
2019-06-05,10.7
2019-06-06,32.0
2019-06-07,28.4
2019-06-08,12.1
2019-06-09,1.0
2019-06-10,1.6
2019-06-11,2.8
2019-06-12,14.1
2019-06-13,24.7
2019-06-14,16.7
2019-06-15,9.4
2019-06-16,7.1
2019-06-17,28.1
2019-06-18,32.5
2019-06-19,10.5
2019-06-20,12.6
2019-06-21,4.0
2019-06-22,22.4
2019-06-23,15.2
2019-06-24,10.0
2019-06-25,28.2
2019-06-26,92.0
2019-06-27,40.9
2019-06-28,24.9
2019-06-29,6.2
2019-06-30,13.8
2019-07-01,1.6
2019-07-02,5.1
2019-07-03,30.4
2019-07-04,19.2
2019-07-05,4.2
2019-07-06,8.1
2019-07-07,2.2
2019-07-08,11.2
2019-07-09,47.5
2019-07-10,10.9
2019-07-11,42.0
2019-07-12,62.7
2019-07-13,8.6
2019-07-14,14.1
2019-07-15,45.8
2019-07-16,43.3
2019-07-17,1.9
2019-07-18,17.3
2019-07-19,2.2
2019-07-20,1.9
2019-07-21,25.3
2019-07-22,17.3
2019-07-23,32.6
2019-07-24,99.0
2019-07-25,2.2
2019-07-26,13.5
2019-07-27,9.8
2019-07-28,27.1
2019-07-29,6.2
2019-07-30,18.2
2019-07-31,3.6
2019-08-01,25.1
2019-08-02,6.9
2019-08-03,28.7
2019-08-04,5.4
2019-08-05,29.2
2019-08-06,4.9
2019-08-07,10.0
2019-08-08,6.3
2019-08-09,38.1
2019-08-10,3.1
2019-08-11,8.1
2019-08-12,0.5
2019-08-13,0.0
2019-08-14,9.1
2019-08-15,4.1
2019-08-16,4.8
2019-08-17,4.3
2019-08-18,11.3
2019-08-19,7.6
2019-08-20,63.9
2019-08-21,39.5
2019-08-22,2.1
2019-08-23,8.5
2019-08-24,16.6
2019-08-25,17.7
2019-08-26,0.0
2019-08-27,0.1
2019-08-28,1.2
2019-08-29,0.0
2019-08-30,1.6
2019-08-31,23.2
2019-09-01,140.3
2019-09-02,0.6
2019-09-03,8.3
2019-09-04,5.3
2019-09-05,6.0
2019-09-06,18.6
2019-09-07,39.2
2019-09-08,1.7
2019-09-09,8.2
2019-09-10,6.5
2019-09-11,4.9
2019-09-12,54.5
2019-09-13,38.7
2019-09-14,20.5
2019-09-15,17.0
2019-09-16,125.7
2019-09-17,62.8
2019-09-18,82.2
2019-09-19,19.2
2019-09-20,1.6
2019-09-21,16.9
2019-09-22,6.4
2019-09-23,25.5
2019-09-24,12.7
2019-09-25,4.2
2019-09-26,8.7
2019-09-27,9.4
2019-09-28,7.2
2019-09-29,8.4
2019-09-30,1.8
2019-10-01,67.2
2019-10-02,30.0
2019-10-03,3.2
2019-10-04,32.1
2019-10-05,9.4
2019-10-06,12.1
2019-10-07,14.8
2019-10-08,28.9
2019-10-09,19.8
2019-10-10,4.2
2019-10-11,4.3
2019-10-12,1.4
2019-10-13,14.7
2019-10-14,33.2
2019-10-15,7.6
2019-10-16,0.8
2019-10-17,1.4
2019-10-18,1.2
2019-10-19,0.0
2019-10-20,8.3
2019-10-21,2.9
2019-10-22,1.3
2019-10-23,2.2
2019-10-24,4.1
2019-10-25,5.1
2019-10-26,2.2
2019-10-27,0.0
2019-10-28,7.9
2019-10-29,2.2
2019-10-30,4.9
2019-10-31,15.0
2019-11-01,0.8
2019-11-02,2.0
2019-11-03,0.6
2019-11-04,22.4
2019-11-05,2.9
2019-11-06,0.0
2019-11-07,0.0
2019-11-08,0.0
2019-11-09,5.2
2019-11-10,11.4
2019-11-11,2.2
2019-11-12,1.9
2019-11-13,0.0
2019-11-14,0.0
2019-11-15,0.0
2019-11-16,0.1
2019-11-17,0.3
2019-11-18,12.6
2019-11-19,3.1
2019-11-20,5.0
2019-11-21,3.1
2019-11-22,3.0
2019-11-23,0.7
2019-11-24,2.4
2019-11-25,11.3
2019-11-26,0.0
2019-11-27,0.0
2019-11-28,0.2
2019-11-29,0.0
2019-11-30,0.0
2019-12-01,0.0
2019-12-02,6.7
2019-12-03,1.9
2019-12-04,0.0
2019-12-05,0.0
2019-12-06,0.0
2019-12-07,0.0
2019-12-08,0.0
2019-12-09,0.0
2019-12-10,0.7
2019-12-11,2.4
2019-12-12,4.0
2019-12-13,30.8
2019-12-14,14.8
2019-12-15,2.0
2019-12-16,0.1
2019-12-17,0.0
2019-12-18,0.0
2019-12-19,0.0
2019-12-20,0.0
2019-12-21,12.4
2019-12-22,5.9
2019-12-23,2.3
2019-12-24,3.3
2019-12-25,0.1
2019-12-26,0.0
2019-12-27,0.0
2019-12-28,0.0
2019-12-29,0.0
2019-12-30,0.0
2019-12-31,0.0
2020-01-01,0.0
2020-01-02,3.3
2020-01-03,19.9
2020-01-04,19.4
2020-01-05,11.4
2020-01-06,0.0
2020-01-07,4.4
2020-01-08,29.5
2020-01-09,6.0
2020-01-10,5.5
2020-01-11,0.0
2020-01-12,0.0
2020-01-13,0.0
2020-01-14,9.4
2020-01-15,4.0
2020-01-16,45.9
2020-01-17,27.0
2020-01-18,3.9
2020-01-19,3.9
2020-01-20,0.1
2020-01-21,0.0
2020-01-22,0.1
2020-01-23,3.7
2020-01-24,2.8
2020-01-25,0.6
2020-01-26,0.0
2020-01-27,0.1
2020-01-28,8.7
2020-01-29,57.8
2020-01-30,34.3
2020-01-31,0.0
2020-02-01,16.0
2020-02-02,6.9
2020-02-03,0.8
2020-02-04,10.2
2020-02-05,7.1
2020-02-06,13.2
2020-02-07,6.2
2020-02-08,13.3
2020-02-09,0.1
2020-02-10,0.0
2020-02-11,0.5
2020-02-12,0.2
2020-02-13,0.0
2020-02-14,5.2
2020-02-15,4.7
2020-02-16,9.7
2020-02-17,46.3
2020-02-18,2.0
2020-02-19,24.9
2020-02-20,5.7
2020-02-21,7.2
2020-02-22,0.5
2020-02-23,1.0
2020-02-24,0.8
2020-02-25,10.5
2020-02-26,11.0
2020-02-27,1.0
2020-02-28,0.7
2020-02-29,1.3
2020-03-01,3.4
2020-03-02,10.8
2020-03-03,4.0
2020-03-04,22.9
2020-03-05,13.5
2020-03-06,3.4
2020-03-07,25.1
2020-03-08,4.5
2020-03-09,3.1
2020-03-10,34.7
2020-03-11,23.3
2020-03-12,7.7
2020-03-13,2.1
2020-03-14,20.0
2020-03-15,1.2
2020-03-16,0.0
2020-03-17,4.0
2020-03-18,13.2
2020-03-19,21.6
2020-03-20,12.3
2020-03-21,4.9
2020-03-22,15.7
2020-03-23,4.3
2020-03-24,2.5
2020-03-25,13.0
2020-03-26,3.8
2020-03-27,23.3
2020-03-28,8.7
2020-03-29,4.7
2020-03-30,0.0
2020-03-31,2.4
2020-04-01,14.6
2020-04-02,8.6
2020-04-03,0.0
2020-04-04,0.9
2020-04-05,0.3
2020-04-06,1.2
2020-04-07,1.2
2020-04-08,9.1
2020-04-09,0.4
2020-04-10,0.6
2020-04-11,0.1
2020-04-12,0.0
2020-04-13,5.4
2020-04-14,4.5
2020-04-15,2.4
2020-04-16,3.6
2020-04-17,13.3
2020-04-18,7.8
2020-04-19,14.5
2020-04-20,3.8
2020-04-21,24.8
2020-04-22,3.8
2020-04-23,8.1
2020-04-24,5.8
2020-04-25,6.6
2020-04-26,7.2
2020-04-27,7.5
2020-04-28,3.5
2020-04-29,0.1
2020-04-30,3.5
2020-05-01,9.4
2020-05-02,9.3
2020-05-03,9.6
2020-05-04,40.9
2020-05-05,7.6
2020-05-06,11.4
2020-05-07,5.5
2020-05-08,0.5
2020-05-09,1.7
2020-05-10,3.1
2020-05-11,1.7
2020-05-12,3.2
2020-05-13,0.2
2020-05-14,5.3
2020-05-15,12.8
2020-05-16,1.4
2020-05-17,5.7
2020-05-18,5.0
2020-05-19,3.6
2020-05-20,4.7
2020-05-21,2.7
2020-05-22,23.7
2020-05-23,19.4
2020-05-24,7.0
2020-05-25,18.8
2020-05-26,17.8
2020-05-27,11.4
2020-05-28,24.4
2020-05-29,60.9
2020-05-30,16.9
2020-05-31,27.8
2020-06-01,11.1
2020-06-02,18.9
2020-06-03,3.5
2020-06-04,15.8
2020-06-05,39.6
2020-06-06,5.7
2020-06-07,3.4
2020-06-08,1.1
2020-06-09,16.3
2020-06-10,5.2
2020-06-11,5.2
2020-06-12,7.5
2020-06-13,11.0
2020-06-14,31.4
2020-06-15,28.5
2020-06-16,34.7
2020-06-17,4.8
2020-06-18,8.3
2020-06-19,84.8
2020-06-20,84.8
2020-06-21,11.8
2020-06-22,12.4
2020-06-23,21.3
2020-06-24,2.8
2020-06-25,12.8
2020-06-26,46.7
2020-06-27,29.7
2020-06-28,5.1
2020-06-29,4.6
2020-06-30,13.2
2020-07-01,4.4
2020-07-02,12.1
2020-07-03,56.7
2020-07-04,33.1
2020-07-05,5.0
2020-07-06,9.4
2020-07-07,10.5
2020-07-08,18.4
2020-07-09,44.9
2020-07-10,174.1
2020-07-11,19.2
2020-07-12,11.1
2020-07-13,16.9
2020-07-14,15.3
2020-07-15,9.0
2020-07-16,4.2
2020-07-17,136.8
2020-07-18,35.0
2020-07-19,52.2
2020-07-20,32.0
2020-07-21,58.6
2020-07-22,6.8
2020-07-23,23.9
2020-07-24,57.3
2020-07-25,9.7
2020-07-26,4.9
2020-07-27,48.4
2020-07-28,81.4
2020-07-29,46.3
2020-07-30,5.7
2020-07-31,23.2
2020-08-01,10.1
2020-08-02,24.2
2020-08-03,3.8
2020-08-04,0.0
2020-08-05,8.5
2020-08-06,4.5
2020-08-07,3.8
2020-08-08,14.3
2020-08-09,71.6
2020-08-10,11.9
2020-08-11,30.9
2020-08-12,90.3
2020-08-13,80.5
2020-08-14,6.3
2020-08-15,16.7
2020-08-16,7.1
2020-08-17,6.3
2020-08-18,5.8
2020-08-19,31.9
2020-08-20,4.9
2020-08-21,4.4
2020-08-22,5.4
2020-08-23,11.6
2020-08-24,2.4
2020-08-25,2.3
2020-08-26,5.4
2020-08-27,7.1
2020-08-28,13.8
2020-08-29,23.3
2020-08-30,5.0
2020-08-31,12.0
2020-09-01,18.3
2020-09-02,8.0
2020-09-03,19.1
2020-09-04,4.7
2020-09-05,19.3
2020-09-06,11.0
2020-09-07,17.7
2020-09-08,4.3
2020-09-09,12.6
2020-09-10,4.2
2020-09-11,20.9
2020-09-12,1.8
2020-09-13,5.8
2020-09-14,41.6
2020-09-15,39.0
2020-09-16,52.6
2020-09-17,19.8
2020-09-18,15.4
2020-09-19,3.3
2020-09-20,0.0
2020-09-21,1.2
2020-09-22,16.2
2020-09-23,56.1
2020-09-24,122.2
2020-09-25,44.2
2020-09-26,37.7
2020-09-27,17.3
2020-09-28,28.9
2020-09-29,16.0
2020-09-30,18.4
2020-10-01,5.3
2020-10-02,12.7
2020-10-03,13.2
2020-10-04,23.6
2020-10-05,11.5
2020-10-06,4.0
2020-10-07,1.0
2020-10-08,1.5
2020-10-09,1.2
2020-10-10,0.1
2020-10-11,0.0
2020-10-12,0.2
2020-10-13,0.8
2020-10-14,2.3
2020-10-15,2.5
2020-10-16,0.8
2020-10-17,0.0
2020-10-18,0.0
2020-10-19,1.5
2020-10-20,2.4
2020-10-21,5.4
2020-10-22,0.1
2020-10-23,0.4
2020-10-24,1.7
2020-10-25,1.4
2020-10-26,0.0
2020-10-27,0.0
2020-10-28,0.0
2020-10-29,0.0
2020-10-30,0.0
2020-10-31,0.0
2020-11-01,0.0
2020-11-02,2.7
2020-11-03,0.0
2020-11-04,2.6
2020-11-05,0.3
2020-11-06,6.2
2020-11-07,11.1
2020-11-08,0.0
2020-11-09,0.0
2020-11-10,0.0
2020-11-11,0.1
2020-11-12,0.0
2020-11-13,0.0
2020-11-14,0.0
2020-11-15,0.0
2020-11-16,2.2
2020-11-17,0.0
2020-11-18,0.1
2020-11-19,0.0
2020-11-20,0.2
2020-11-21,6.3
2020-11-22,0.6
2020-11-23,0.3
2020-11-24,5.9
2020-11-25,0.8
2020-11-26,0.0
2020-11-27,0.1
2020-11-28,0.0
2020-11-29,0.0
2020-11-30,0.0
2020-12-01,0.0
2020-12-02,0.0
2020-12-03,0.6
2020-12-04,2.2
2020-12-05,18.1
2020-12-06,9.9
2020-12-07,0.3
2020-12-08,2.9
2020-12-09,0.5
2020-12-10,0.1
2020-12-11,1.5
2020-12-12,14.6
2020-12-13,2.4
2020-12-14,4.5
2020-12-15,0.0
2020-12-16,0.0
2020-12-17,0.1
2020-12-18,0.0
2020-12-19,0.0
2020-12-20,0.0
2020-12-21,0.0
2020-12-22,0.0
2020-12-23,0.0
2020-12-24,0.0
2020-12-25,0.0
2020-12-26,0.0
2020-12-27,0.0
2020-12-28,1.7
2020-12-29,0.9
2020-12-30,0.0
2020-12-31,0.0
2021-01-01,0.0
2021-01-02,0.0
2021-01-03,0.0
2021-01-04,2.2
2021-01-05,3.4
2021-01-06,1.6
2021-01-07,0.8
2021-01-08,0.0
2021-01-09,0.5
2021-01-10,1.7
2021-01-11,5.4
2021-01-12,8.9
2021-01-13,7.9
2021-01-14,1.1
2021-01-15,0.3
2021-01-16,2.1
2021-01-17,1.9
2021-01-18,0.0
2021-01-19,0.9
2021-01-20,0.6
2021-01-21,0.6
2021-01-22,0.1
2021-01-23,0.3
2021-01-24,2.6
2021-01-25,2.5
2021-01-26,0.0
2021-01-27,0.2
2021-01-28,0.1
2021-01-29,0.1
2021-01-30,0.0
2021-01-31,0.0
2021-02-01,0.0
2021-02-02,0.0
2021-02-03,0.0
2021-02-04,0.4
2021-02-05,4.7
2021-02-06,1.1
2021-02-07,0.0
2021-02-08,0.0
2021-02-09,0.0
2021-02-10,0.5
2021-02-11,0.0
2021-02-12,2.0
2021-02-13,8.0
2021-02-14,14.5
2021-02-15,18.6
2021-02-16,16.2
2021-02-17,2.1
2021-02-18,2.1
2021-02-19,1.4
2021-02-20,0.0
2021-02-21,0.0
2021-02-22,0.0
2021-02-23,7.7
2021-02-24,13.2
2021-02-25,1.7
2021-02-26,6.2
2021-02-27,26.9
2021-02-28,13.4
2021-03-01,2.4
2021-03-02,0.0
2021-03-03,0.0
2021-03-04,5.2
2021-03-05,2.1
2021-03-06,0.6
2021-03-07,9.7
2021-03-08,13.6
2021-03-09,2.1
2021-03-10,11.3
2021-03-11,6.5
2021-03-12,17.6
2021-03-13,4.0
2021-03-14,1.3
2021-03-15,5.2
2021-03-16,2.4
2021-03-17,2.7
2021-03-18,8.5
2021-03-19,1.9
2021-03-20,6.0
2021-03-21,0.3
2021-03-22,0.2
2021-03-23,4.6
2021-03-24,7.7
2021-03-25,1.3
2021-03-26,0.0
2021-03-27,0.0
2021-03-28,2.6
2021-03-29,23.6
2021-03-30,0.6
2021-03-31,11.4
2021-04-01,18.6
2021-04-02,0.6
2021-04-03,0.1
2021-04-04,0.0
2021-04-05,0.0
2021-04-06,0.0
2021-04-07,0.1
2021-04-08,9.0
2021-04-09,1.0
2021-04-10,0.0
2021-04-11,0.0
2021-04-12,0.1
2021-04-13,0.0
2021-04-14,0.5
2021-04-15,0.7
2021-04-16,0.0
2021-04-17,17.7
2021-04-18,14.1
2021-04-19,0.0
2021-04-20,0.0
2021-04-21,2.8
2021-04-22,7.4
2021-04-23,0.0
2021-04-24,0.8
2021-04-25,0.0
2021-04-26,0.0
2021-04-27,0.2
2021-04-28,0.2
2021-04-29,1.8
2021-04-30,1.5
2021-05-01,0.5
2021-05-02,2.1
2021-05-03,4.0
2021-05-04,1.0
2021-05-05,23.1
2021-05-06,20.1
2021-05-07,6.7
2021-05-08,8.3
2021-05-09,2.1
2021-05-10,1.5
2021-05-11,5.5
2021-05-12,18.9
2021-05-13,41.8
2021-05-14,7.7
2021-05-15,1.3
2021-05-16,6.8
2021-05-17,3.5
2021-05-18,13.7
2021-05-19,21.2
2021-05-20,17.8
2021-05-21,2.0
2021-05-22,7.3
2021-05-23,6.7
2021-05-24,1.4
2021-05-25,1.4
2021-05-26,3.7
2021-05-27,21.7
2021-05-28,75.4
2021-05-29,24.1
2021-05-30,1.2
2021-05-31,19.3
2021-06-01,36.3
2021-06-02,2.6
2021-06-03,12.9
2021-06-04,25.2
2021-06-05,35.6
2021-06-06,33.6
2021-06-07,8.9
2021-06-08,1.9
2021-06-09,25.8
2021-06-10,2.8
2021-06-11,0.7
2021-06-12,17.0
2021-06-13,49.4
2021-06-14,58.5
2021-06-15,128.3
2021-06-16,66.5
2021-06-17,6.5
2021-06-18,17.4
2021-06-19,15.4
2021-06-20,10.7
2021-06-21,1.5
2021-06-22,1.3
2021-06-23,6.9
2021-06-24,52.3
2021-06-25,5.2
2021-06-26,8.2
2021-06-27,3.7
2021-06-28,10.7
2021-06-29,55.3
2021-06-30,32.1
2021-07-01,99.5
2021-07-02,19.9
2021-07-03,6.2
2021-07-04,15.4
2021-07-05,38.4
2021-07-06,2.4
2021-07-07,9.4
2021-07-08,15.2
2021-07-09,6.4
2021-07-10,11.3
2021-07-11,98.2
2021-07-12,5.4
2021-07-13,25.5
2021-07-14,16.7
2021-07-15,20.6
2021-07-16,27.3
2021-07-17,44.5
2021-07-18,30.5
2021-07-19,37.6
2021-07-20,43.7
2021-07-21,17.1
2021-07-22,7.0
2021-07-23,1.0
2021-07-24,2.8
2021-07-25,8.1
2021-07-26,20.7
2021-07-27,18.5
2021-07-28,16.9
2021-07-29,2.0
2021-07-30,12.4
2021-07-31,1.0
2021-08-01,16.4
2021-08-02,7.0
2021-08-03,4.3
2021-08-04,16.1
2021-08-05,3.4
2021-08-06,1.4
2021-08-07,2.1
2021-08-08,3.8
2021-08-09,12.4
2021-08-10,8.1
2021-08-11,3.0
2021-08-12,7.3
2021-08-13,53.2
2021-08-14,33.7
2021-08-15,40.2
2021-08-16,14.2
2021-08-17,31.1
2021-08-18,11.7
2021-08-19,31.8
2021-08-20,35.6
2021-08-21,18.3
2021-08-22,11.0
2021-08-23,121.2
2021-08-24,53.8
2021-08-25,5.4
2021-08-26,16.3
2021-08-27,109.9
2021-08-28,8.3
2021-08-29,119.4
2021-08-30,16.7
2021-08-31,5.2
2021-09-01,13.1
2021-09-02,32.3
2021-09-03,27.9
2021-09-04,4.5
2021-09-05,2.7
2021-09-06,4.3
2021-09-07,16.0
2021-09-08,16.6
2021-09-09,3.0
2021-09-10,6.9
2021-09-11,0.8
2021-09-12,1.2
2021-09-13,0.8
2021-09-14,1.0
2021-09-15,16.0
2021-09-16,26.3
2021-09-17,15.6
2021-09-18,2.7
2021-09-19,12.5
2021-09-20,106.9
2021-09-21,37.3
2021-09-22,8.5
2021-09-23,1.7
2021-09-24,3.2
2021-09-25,2.6
2021-09-26,2.2
2021-09-27,1.5
2021-09-28,1.2
2021-09-29,1.5
2021-09-30,1.3
2021-10-01,4.3
2021-10-02,6.6
2021-10-03,5.6
2021-10-04,20.3
2021-10-05,9.0
2021-10-06,4.4
2021-10-07,3.7
2021-10-08,2.4
2021-10-09,12.4
2021-10-10,21.2
2021-10-11,0.1
2021-10-12,0.0
2021-10-13,0.0
2021-10-14,0.0
2021-10-15,0.0
2021-10-16,0.0
2021-10-17,5.9
2021-10-18,51.7
2021-10-19,70.7
2021-10-20,25.4
2021-10-21,3.2
2021-10-22,6.6
2021-10-23,2.4
2021-10-24,1.2
2021-10-25,4.8
2021-10-26,0.5
2021-10-27,0.7
2021-10-28,0.2
2021-10-29,1.9
2021-10-30,11.1
2021-10-31,7.6
2021-11-01,0.3
2021-11-02,1.1
2021-11-03,13.1
2021-11-04,1.6
2021-11-05,7.8
2021-11-06,7.6
2021-11-07,1.6
2021-11-08,0.0
2021-11-09,2.4
2021-11-10,0.7
2021-11-11,0.7
2021-11-12,0.2
2021-11-13,0.0
2021-11-14,1.3
2021-11-15,0.0
2021-11-16,0.0
2021-11-17,0.0
2021-11-18,0.0
2021-11-19,0.0
2021-11-20,0.2
2021-11-21,0.0
2021-11-22,0.0
2021-11-23,0.0
2021-11-24,4.7
2021-11-25,2.5
2021-11-26,4.9
2021-11-27,0.6
2021-11-28,0.0
2021-11-29,0.0
2021-11-30,0.0
2021-12-01,0.0
2021-12-02,3.3
2021-12-03,20.4
2021-12-04,0.1
2021-12-05,0.7
2021-12-06,3.4
2021-12-07,0.0
2021-12-08,0.0
2021-12-09,0.0
2021-12-10,0.9
2021-12-11,0.0
2021-12-12,0.0
2021-12-13,0.0
2021-12-14,0.0
2021-12-15,0.1
2021-12-16,0.0
2021-12-17,0.0
2021-12-18,0.2
2021-12-19,0.1
2021-12-20,0.0
2021-12-21,0.0
2021-12-22,0.0
2021-12-23,0.0
2021-12-24,0.0
2021-12-25,1.0
2021-12-26,3.5
2021-12-27,34.9
2021-12-28,4.8
2021-12-29,14.7
2021-12-30,12.4
2021-12-31,0.9
2022-01-01,2.2
2022-01-02,0.0
2022-01-03,0.0
2022-01-04,0.0
2022-01-05,0.9
2022-01-06,10.5
2022-01-07,5.1
2022-01-08,1.6
2022-01-09,8.8
2022-01-10,11.2
2022-01-11,0.0
2022-01-12,1.4
2022-01-13,2.0
2022-01-14,0.0
2022-01-15,3.9
2022-01-16,0.0
2022-01-17,0.0
2022-01-18,0.0
2022-01-19,0.0
2022-01-20,1.0
2022-01-21,5.8
2022-01-22,8.6
2022-01-23,11.5
2022-01-24,32.5
2022-01-25,14.9
2022-01-26,17.1
2022-01-27,0.6
2022-01-28,0.0
2022-01-29,0.0
2022-01-30,1.5
2022-01-31,29.9
2022-02-01,21.2
2022-02-02,1.3
2022-02-03,6.8
2022-02-04,45.5
2022-02-05,25.5
2022-02-06,0.1
2022-02-07,0.6
2022-02-08,3.7
2022-02-09,27.3
2022-02-10,5.3
2022-02-11,28.2
2022-02-12,6.1
2022-02-13,0.0
2022-02-14,0.3
2022-02-15,11.7
2022-02-16,6.2
2022-02-17,3.9
2022-02-18,11.3
2022-02-19,4.4
2022-02-20,18.0
2022-02-21,9.5
2022-02-22,0.3
2022-02-23,1.3
2022-02-24,7.8
2022-02-25,14.8
2022-02-26,14.3
2022-02-27,11.4
2022-02-28,8.7
2022-03-01,4.5
2022-03-02,3.9
2022-03-03,8.7
2022-03-04,7.0
2022-03-05,3.6
2022-03-06,0.0
2022-03-07,0.0
2022-03-08,0.0
2022-03-09,0.0
2022-03-10,2.8
2022-03-11,2.4
2022-03-12,0.2
2022-03-13,0.0
2022-03-14,0.0
2022-03-15,0.6
2022-03-16,0.0
2022-03-17,0.0
2022-03-18,0.0
2022-03-19,0.5
2022-03-20,4.2
2022-03-21,0.2
2022-03-22,0.0
2022-03-23,5.7
2022-03-24,2.3
2022-03-25,0.0
2022-03-26,0.0
2022-03-27,0.5
2022-03-28,2.7
2022-03-29,7.5
2022-03-30,10.0
2022-03-31,0.6
2022-04-01,1.0
2022-04-02,8.1
2022-04-03,14.6
2022-04-04,0.6
2022-04-05,0.4
2022-04-06,0.0
2022-04-07,2.3
2022-04-08,0.1
2022-04-09,3.0
2022-04-10,0.2
2022-04-11,3.6
2022-04-12,2.1
2022-04-13,4.9
2022-04-14,5.4
2022-04-15,1.0
2022-04-16,1.4
2022-04-17,0.0
2022-04-18,0.0
2022-04-19,0.0
2022-04-20,2.7
2022-04-21,4.9
2022-04-22,5.3
2022-04-23,0.3
2022-04-24,0.0
2022-04-25,0.0
2022-04-26,3.7
2022-04-27,0.0
2022-04-28,0.8
2022-04-29,0.0
2022-04-30,7.5
2022-05-01,11.2
2022-05-02,6.0
2022-05-03,1.7
2022-05-04,6.6
2022-05-05,7.0
2022-05-06,5.8
2022-05-07,1.4
2022-05-08,4.9
2022-05-09,0.6
2022-05-10,1.4
2022-05-11,1.5
2022-05-12,0.6
2022-05-13,1.7
2022-05-14,0.0
2022-05-15,7.8
2022-05-16,3.5
2022-05-17,8.9
2022-05-18,5.7
2022-05-19,1.5
2022-05-20,0.9
2022-05-21,3.4
2022-05-22,0.4
2022-05-23,0.5
2022-05-24,6.7
2022-05-25,33.7
2022-05-26,0.9
2022-05-27,0.3
2022-05-28,11.6
2022-05-29,4.4
2022-05-30,25.8
2022-05-31,3.8
2022-06-01,17.0
2022-06-02,12.5
2022-06-03,3.1
2022-06-04,2.3
2022-06-05,9.9
2022-06-06,5.8
2022-06-07,10.6
2022-06-08,13.1
2022-06-09,5.2
2022-06-10,23.6
2022-06-11,2.5
2022-06-12,5.5
2022-06-13,0.2
2022-06-14,7.0
2022-06-15,24.4
2022-06-16,30.9
2022-06-17,17.6
2022-06-18,26.3
2022-06-19,59.0
2022-06-20,14.8
2022-06-21,4.0
2022-06-22,3.2
2022-06-23,7.0
2022-06-24,14.0
2022-06-25,13.2
2022-06-26,5.1
2022-06-27,4.1
2022-06-28,24.6
2022-06-29,36.8
2022-06-30,3.9
2022-07-01,1.4
2022-07-02,3.3
2022-07-03,1.3
2022-07-04,3.7
2022-07-05,7.4
2022-07-06,3.3
2022-07-07,2.3
2022-07-08,17.7
2022-07-09,27.8
2022-07-10,1.0
2022-07-11,0.8
2022-07-12,1.5
2022-07-13,1.1
2022-07-14,1.5
2022-07-15,4.0
2022-07-16,5.5
2022-07-17,1.7
2022-07-18,1.8
2022-07-19,26.6
2022-07-20,48.4
2022-07-21,23.3
2022-07-22,13.8
2022-07-23,8.9
2022-07-24,8.1
2022-07-25,6.7
2022-07-26,14.3
2022-07-27,6.3
2022-07-28,1.3
2022-07-29,2.4
2022-07-30,4.4
2022-07-31,44.3
2022-08-01,11.9
2022-08-02,31.0
2022-08-03,13.3
2022-08-04,5.2
2022-08-05,3.0
2022-08-06,12.3
2022-08-07,22.0
2022-08-08,3.7
2022-08-09,18.1
2022-08-10,6.9
2022-08-11,3.4
2022-08-12,0.8
2022-08-13,0.9
2022-08-14,3.1
2022-08-15,1.0
2022-08-16,5.0
2022-08-17,4.3
2022-08-18,18.5
2022-08-19,10.9
2022-08-20,1.6
2022-08-21,0.6
2022-08-22,3.5
2022-08-23,2.7
2022-08-24,0.4
2022-08-25,12.1
2022-08-26,22.5
2022-08-27,20.5
2022-08-28,63.1
2022-08-29,6.0
2022-08-30,1.3
2022-08-31,7.9
2022-09-01,68.7
2022-09-02,12.7
2022-09-03,21.1
2022-09-04,5.4
2022-09-05,1.7
2022-09-06,15.3
2022-09-07,4.5
2022-09-08,0.3
2022-09-09,0.0
2022-09-10,10.1
2022-09-11,0.1
2022-09-12,11.2
2022-09-13,1.7
2022-09-14,13.5
2022-09-15,20.6
2022-09-16,7.6
2022-09-17,12.1
2022-09-18,2.6
2022-09-19,6.2
2022-09-20,1.3
2022-09-21,20.6
2022-09-22,2.8
2022-09-23,4.8
2022-09-24,1.0
2022-09-25,0.5
2022-09-26,9.7
2022-09-27,13.8
2022-09-28,5.5
2022-09-29,1.2
2022-09-30,0.3
2022-10-01,1.3
2022-10-02,1.3
2022-10-03,0.0
2022-10-04,17.3
2022-10-05,80.4
2022-10-06,39.0
2022-10-07,18.2
2022-10-08,4.3
2022-10-09,9.8
2022-10-10,4.5
2022-10-11,4.1
2022-10-12,2.0
2022-10-13,1.0
2022-10-14,1.2
2022-10-15,0.8
2022-10-16,0.2
2022-10-17,0.0
2022-10-18,0.0
2022-10-19,3.5
2022-10-20,0.0
2022-10-21,0.0
2022-10-22,0.0
2022-10-23,0.1
2022-10-24,0.0
2022-10-25,1.3
2022-10-26,1.4
2022-10-27,7.3
2022-10-28,4.0
2022-10-29,0.0
2022-10-30,0.0
2022-10-31,0.0
2022-11-01,0.0
2022-11-02,0.0
2022-11-03,0.0
2022-11-04,0.0
2022-11-05,0.0
2022-11-06,0.0
2022-11-07,1.5
2022-11-08,0.0
2022-11-09,0.9
2022-11-10,16.0
2022-11-11,15.8
2022-11-12,0.1
2022-11-13,0.0
2022-11-14,0.0
2022-11-15,13.1
2022-11-16,10.7
2022-11-17,1.5
2022-11-18,0.0
2022-11-19,0.0
2022-11-20,0.0
2022-11-21,0.0
2022-11-22,0.0
2022-11-23,4.3
2022-11-24,0.5
2022-11-25,0.0
2022-11-26,0.0
2022-11-27,0.0
2022-11-28,0.0
2022-11-29,0.2
2022-11-30,0.0
2022-12-01,0.0
2022-12-02,0.0
2022-12-03,0.0
2022-12-04,0.0
2022-12-05,0.0
2022-12-06,0.0
2022-12-07,0.0
2022-12-08,0.0
2022-12-09,0.0
2022-12-10,0.0
2022-12-11,0.0
2022-12-12,0.0
2022-12-13,0.0
2022-12-14,0.0
2022-12-15,0.2
2022-12-16,0.1
2022-12-17,0.7
2022-12-18,1.1
2022-12-19,1.1
2022-12-20,0.0
2022-12-21,0.1
2022-12-22,0.0
2022-12-23,0.0
2022-12-24,2.3
2022-12-25,0.0
2022-12-26,0.0
2022-12-27,0.0
2022-12-28,0.0
2022-12-29,0.5
2022-12-30,19.2
2022-12-31,7.3
2023-01-01,0.9
2023-01-02,0.0
2023-01-03,0.0
2023-01-04,0.0
2023-01-05,0.0
2023-01-06,0.0
2023-01-07,0.0
2023-01-08,0.0
2023-01-09,0.0
2023-01-10,0.0
2023-01-11,0.0
2023-01-12,0.0
2023-01-13,0.8
2023-01-14,0.0
2023-01-15,0.2
2023-01-16,0.3
2023-01-17,8.1
2023-01-18,1.8
2023-01-19,0.2
2023-01-20,4.2
2023-01-21,0.1
2023-01-22,0.3
2023-01-23,0.0
2023-01-24,0.6
2023-01-25,1.6
2023-01-26,0.1
2023-01-27,0.0
2023-01-28,0.0
2023-01-29,0.0
2023-01-30,0.0
2023-01-31,0.0
2023-02-01,0.7
2023-02-02,0.0
2023-02-03,0.1
2023-02-04,0.1
2023-02-05,0.0
2023-02-06,11.0
2023-02-07,7.4
2023-02-08,0.0
2023-02-09,1.6
2023-02-10,2.5
2023-02-11,10.1
2023-02-12,8.2
2023-02-13,0.0
2023-02-14,0.1
2023-02-15,0.0
2023-02-16,0.0
2023-02-17,0.0
2023-02-18,0.0
2023-02-19,0.1
2023-02-20,0.4
2023-02-21,9.2
2023-02-22,0.7
2023-02-23,4.1
2023-02-24,0.2
2023-02-25,11.9
2023-02-26,8.2
2023-02-27,9.7
2023-02-28,1.2
2023-03-01,1.6
2023-03-02,0.9
2023-03-03,0.7
2023-03-04,8.1
2023-03-05,17.7
2023-03-06,3.7
2023-03-07,4.3
2023-03-08,3.0
2023-03-09,0.3
2023-03-10,0.1
2023-03-11,0.0
2023-03-12,0.3
2023-03-13,8.5
2023-03-14,5.0
2023-03-15,0.4
2023-03-16,15.1
2023-03-17,9.5
2023-03-18,3.3
2023-03-19,12.1
2023-03-20,9.3
2023-03-21,14.8
2023-03-22,7.4
2023-03-23,1.2
2023-03-24,8.2
2023-03-25,7.6
2023-03-26,4.0
2023-03-27,5.5
2023-03-28,1.2
2023-03-29,0.9
2023-03-30,0.0
2023-03-31,5.0
2023-04-01,3.1
2023-04-02,11.0
2023-04-03,2.2
2023-04-04,36.0
2023-04-05,3.7
2023-04-06,1.1
2023-04-07,0.0
2023-04-08,4.1
2023-04-09,5.6
2023-04-10,0.1
2023-04-11,0.0
2023-04-12,0.0
2023-04-13,2.2
2023-04-14,0.5
2023-04-15,0.0
2023-04-16,0.0
2023-04-17,0.0
2023-04-18,1.1
2023-04-19,1.5
2023-04-20,5.0
2023-04-21,6.1
2023-04-22,6.4
2023-04-23,0.2
2023-04-24,5.4
2023-04-25,0.8
2023-04-26,11.8
2023-04-27,11.3
2023-04-28,4.5
2023-04-29,5.4
2023-04-30,6.7
2023-05-01,9.2
2023-05-02,8.1
2023-05-03,6.1
2023-05-04,3.2
2023-05-05,4.3
2023-05-06,0.2
2023-05-07,7.0
2023-05-08,2.9
2023-05-09,0.3
2023-05-10,1.2
2023-05-11,0.0
2023-05-12,0.0
2023-05-13,1.1
2023-05-14,4.5
2023-05-15,5.4
2023-05-16,1.2
2023-05-17,5.1
2023-05-18,0.7
2023-05-19,2.0
2023-05-20,0.4
2023-05-21,0.0
2023-05-22,7.2
2023-05-23,0.5
2023-05-24,1.7
2023-05-25,14.9
2023-05-26,12.3
2023-05-27,12.1
2023-05-28,0.8
2023-05-29,2.0
2023-05-30,1.8
2023-05-31,6.0
2023-06-01,0.0
2023-06-02,1.4
2023-06-03,0.1
2023-06-04,0.0
2023-06-05,1.1
2023-06-06,0.6
2023-06-07,0.3
2023-06-08,0.0
2023-06-09,0.1
2023-06-10,3.7
2023-06-11,5.0
2023-06-12,8.4
2023-06-13,2.8
2023-06-14,16.4
2023-06-15,1.6
2023-06-16,2.2
2023-06-17,2.7
2023-06-18,8.5
2023-06-19,13.3
2023-06-20,7.7
2023-06-21,6.5
2023-06-22,2.7
2023-06-23,10.4
2023-06-24,8.6
2023-06-25,21.9
2023-06-26,2.1
2023-06-27,7.3
2023-06-28,9.8
2023-06-29,19.8
2023-06-30,40.7
2023-07-01,44.5
2023-07-02,10.6
2023-07-03,2.5
2023-07-04,35.3
2023-07-05,2.2
2023-07-06,4.0
2023-07-07,3.3
2023-07-08,9.5
2023-07-09,5.8
2023-07-10,1.8
2023-07-11,5.1
2023-07-12,1.2
2023-07-13,7.2
2023-07-14,33.7
2023-07-15,22.8
2023-07-16,9.4
2023-07-17,23.7
2023-07-18,23.6
2023-07-19,4.1
2023-07-20,1.4
2023-07-21,4.2
2023-07-22,1.7
2023-07-23,3.4
2023-07-24,8.1
2023-07-25,51.1
2023-07-26,5.2
2023-07-27,11.7
2023-07-28,13.0
2023-07-29,7.6
2023-07-30,5.7
2023-07-31,3.9
2023-08-01,4.4
2023-08-02,0.9
2023-08-03,4.0
2023-08-04,14.7
2023-08-05,3.4
2023-08-06,28.9
2023-08-07,40.7
2023-08-08,19.6
2023-08-09,1.4
2023-08-10,3.4
2023-08-11,7.5
2023-08-12,25.2
2023-08-13,177.8
2023-08-14,12.8
2023-08-15,4.1
2023-08-16,5.8
2023-08-17,2.7
2023-08-18,1.1
2023-08-19,8.1
2023-08-20,6.3
2023-08-21,18.1
2023-08-22,8.8
2023-08-23,9.2
2023-08-24,3.9
2023-08-25,29.0
2023-08-26,30.0
2023-08-27,8.9
2023-08-28,5.3
2023-08-29,3.4
2023-08-30,3.6
2023-08-31,4.4
2023-09-01,1.9
2023-09-02,4.1
2023-09-03,0.9
2023-09-04,0.9
2023-09-05,2.6
2023-09-06,0.5
2023-09-07,2.6
2023-09-08,7.8
2023-09-09,10.6
2023-09-10,5.4
2023-09-11,4.3
2023-09-12,1.6
2023-09-13,1.4
2023-09-14,0.5
2023-09-15,6.5
2023-09-16,2.7
2023-09-17,0.2
2023-09-18,0.0
2023-09-19,0.3
2023-09-20,5.3
2023-09-21,1.1
2023-09-22,5.9
2023-09-23,5.9
2023-09-24,1.4
2023-09-25,0.7
2023-09-26,0.7
2023-09-27,5.8
2023-09-28,0.6
2023-09-29,0.6
2023-09-30,1.2
2023-10-01,1.6
2023-10-02,9.5
2023-10-03,7.7
2023-10-04,34.2
2023-10-05,10.6
2023-10-06,3.9
2023-10-07,14.3
2023-10-08,5.3
2023-10-09,1.4
2023-10-10,22.0
2023-10-11,6.0
2023-10-12,0.0
2023-10-13,3.4
2023-10-14,4.5
2023-10-15,2.1
2023-10-16,1.9
2023-10-17,3.3
2023-10-18,7.9
2023-10-19,6.2
2023-10-20,2.1
2023-10-21,0.8
2023-10-22,0.0
2023-10-23,0.0
2023-10-24,0.4
2023-10-25,0.2
2023-10-26,0.6
2023-10-27,6.3
2023-10-28,1.6
2023-10-29,0.7
2023-10-30,0.0
2023-10-31,2.2
2023-11-01,0.0
2023-11-02,0.0
2023-11-03,0.0
2023-11-04,5.6
2023-11-05,0.0
2023-11-06,0.3
2023-11-07,6.9
2023-11-08,9.2
2023-11-09,0.0
2023-11-10,5.0
2023-11-11,0.8
2023-11-12,0.0
2023-11-13,0.0
2023-11-14,0.0
2023-11-15,0.0
2023-11-16,0.0
2023-11-17,0.0
2023-11-18,0.4
2023-11-19,0.9
2023-11-20,0.0
2023-11-21,0.4
2023-11-22,0.0
2023-11-23,0.0
2023-11-24,11.6
2023-11-25,3.6
2023-11-26,0.0
2023-11-27,0.0
2023-11-28,0.2
2023-11-29,0.0
2023-11-30,4.0
2023-12-01,1.1
2023-12-02,0.0
2023-12-03,0.0
2023-12-04,8.6
2023-12-05,3.7
2023-12-06,0.0
2023-12-07,1.0
2023-12-08,0.0
2023-12-09,0.4
2023-12-10,0.4
2023-12-11,0.1
2023-12-12,16.0
2023-12-13,7.6
2023-12-14,0.5
2023-12-15,0.0
2023-12-16,0.0
2023-12-17,0.0
2023-12-18,0.0
2023-12-19,0.1
2023-12-20,0.0
2023-12-21,0.0
2023-12-22,0.0
2023-12-23,0.0
2023-12-24,0.0
2023-12-25,0.0
2023-12-26,0.0
2023-12-27,0.1
2023-12-28,0.0
2023-12-29,0.0
2023-12-30,0.0
2023-12-31,0.0
2024-01-01,0.9
2024-01-02,0.0
2024-01-03,0.0
2024-01-04,0.2
2024-01-05,0.1
2024-01-06,0.0
2024-01-07,0.0
2024-01-08,0.0
2024-01-09,0.0
2024-01-10,0.0
2024-01-11,0.0
2024-01-12,0.0
2024-01-13,0.0
2024-01-14,0.0
2024-01-15,0.0
2024-01-16,0.2
2024-01-17,3.5
2024-01-18,0.0
2024-01-19,0.0
2024-01-20,0.0
2024-01-21,0.0
2024-01-22,0.0
2024-01-23,0.1
2024-01-24,0.0
2024-01-25,0.3
2024-01-26,0.0
2024-01-27,0.0
2024-01-28,0.0
2024-01-29,0.0
2024-01-30,1.4
2024-01-31,5.1
2024-02-01,7.8
2024-02-02,0.8
2024-02-03,0.2
2024-02-04,9.2
2024-02-05,15.8
2024-02-06,1.1
2024-02-07,2.6
2024-02-08,3.4
2024-02-09,0.0
2024-02-10,0.0
2024-02-11,0.0
2024-02-12,0.0
2024-02-13,0.0
2024-02-14,0.0
2024-02-15,0.0
2024-02-16,0.1
2024-02-17,6.5
2024-02-18,0.9
2024-02-19,10.2
2024-02-20,33.6
2024-02-21,38.2
2024-02-22,32.1
2024-02-23,4.6
2024-02-24,2.7
2024-02-25,0.0
2024-02-26,0.0
2024-02-27,0.0
2024-02-28,0.0
2024-02-29,5.0
2024-03-01,0.0
2024-03-02,24.2
2024-03-03,9.5
2024-03-04,16.0
2024-03-05,0.2
2024-03-06,2.1
2024-03-07,33.4
2024-03-08,3.8
2024-03-09,0.3
2024-03-10,0.0
2024-03-11,5.7
2024-03-12,0.9
2024-03-13,0.1
2024-03-14,0.0
2024-03-15,0.0
2024-03-16,0.0
2024-03-17,0.0
2024-03-18,0.0
2024-03-19,0.0
2024-03-20,0.4
2024-03-21,0.0
2024-03-22,1.2
2024-03-23,9.3
2024-03-24,5.0
2024-03-25,2.9
2024-03-26,7.1
2024-03-27,8.1
2024-03-28,1.7
2024-03-29,0.9
2024-03-30,10.1
2024-03-31,2.3
2024-04-01,0.6
2024-04-02,0.1
2024-04-03,1.2
2024-04-04,0.2
2024-04-05,5.5
2024-04-06,7.5
2024-04-07,4.0
2024-04-08,0.0
2024-04-09,4.7
2024-04-10,0.0
2024-04-11,4.8
2024-04-12,1.2
2024-04-13,0.1
2024-04-14,0.0
2024-04-15,0.7
2024-04-16,4.5
2024-04-17,1.1
2024-04-18,0.0
2024-04-19,1.1
2024-04-20,0.1
2024-04-21,0.0
2024-04-22,0.1
2024-04-23,4.8
2024-04-24,1.5
2024-04-25,0.0
2024-04-26,0.0
2024-04-27,0.6
2024-04-28,0.0
2024-04-29,0.0
2024-04-30,0.0
2024-05-01,0.0
2024-05-02,0.0
2024-05-03,0.0
2024-05-04,0.0
2024-05-05,0.0
2024-05-06,3.5
2024-05-07,8.2
2024-05-08,8.1
2024-05-09,9.4
2024-05-10,1.1
2024-05-11,6.0
2024-05-12,2.9
2024-05-13,9.4
2024-05-14,0.0
2024-05-15,1.7
2024-05-16,1.6
2024-05-17,0.4
2024-05-18,1.2
2024-05-19,6.1
2024-05-20,1.0
2024-05-21,2.2
2024-05-22,2.4
2024-05-23,1.3
2024-05-24,0.0
2024-05-25,0.8
2024-05-26,1.7
2024-05-27,7.7
2024-05-28,9.0
2024-05-29,0.3
2024-05-30,1.3
2024-05-31,7.3
2024-06-01,1.2
2024-06-02,9.8
2024-06-03,1.5
2024-06-04,9.1
2024-06-05,0.1
2024-06-06,1.6
2024-06-07,1.5
2024-06-08,3.4
2024-06-09,1.8
2024-06-10,0.2
2024-06-11,1.2
2024-06-12,4.5
2024-06-13,4.1
2024-06-14,3.9
2024-06-15,2.0
2024-06-16,5.8
2024-06-17,3.6
2024-06-18,12.2
2024-06-19,42.6
2024-06-20,5.1
2024-06-21,17.0
2024-06-22,4.2
2024-06-23,3.5
2024-06-24,13.3
2024-06-25,3.7
2024-06-26,50.1
2024-06-27,0.9
2024-06-28,15.6
2024-06-29,151.9
2024-06-30,50.8
2024-07-01,26.9
2024-07-02,36.1
2024-07-03,21.5
2024-07-04,20.0
2024-07-05,49.4
2024-07-06,133.8
2024-07-07,14.5
2024-07-08,5.9
2024-07-09,36.1
2024-07-10,55.3
2024-07-11,93.0
2024-07-12,94.3
2024-07-13,104.7
2024-07-14,19.8
2024-07-15,29.5
2024-07-16,1.1
2024-07-17,17.4
2024-07-18,11.1
2024-07-19,2.2
2024-07-20,1.2
2024-07-21,2.4
2024-07-22,2.1
2024-07-23,17.5
2024-07-24,25.0
2024-07-25,2.9
2024-07-26,0.9
2024-07-27,3.1
2024-07-28,16.7
2024-07-29,4.3
2024-07-30,2.6
2024-07-31,16.7
2024-08-01,2.1
2024-08-02,5.2
2024-08-03,6.3
2024-08-04,6.4
2024-08-05,6.6
2024-08-06,75.3
2024-08-07,6.7
2024-08-08,8.3
2024-08-09,4.5
2024-08-10,2.7
2024-08-11,6.8
2024-08-12,8.2
2024-08-13,9.2
2024-08-14,10.8
2024-08-15,3.1
2024-08-16,6.4
2024-08-17,20.9
2024-08-18,13.8
2024-08-19,16.7
2024-08-20,53.2
2024-08-21,9.2
2024-08-22,3.7
2024-08-23,2.7
2024-08-24,1.6
2024-08-25,1.5
2024-08-26,1.8
2024-08-27,4.7
2024-08-28,7.7
2024-08-29,3.0
2024-08-30,0.5
2024-08-31,0.5
2024-09-01,7.7
2024-09-02,0.9
2024-09-03,1.7
2024-09-04,7.0
2024-09-05,68.1
2024-09-06,57.6
2024-09-07,0.7
2024-09-08,0.2
2024-09-09,4.0
2024-09-10,1.5
2024-09-11,1.8
2024-09-12,1.6
2024-09-13,0.4
2024-09-14,1.6
2024-09-15,5.3
2024-09-16,0.2
2024-09-17,4.1
2024-09-18,0.5
2024-09-19,0.0
2024-09-20,0.1
2024-09-21,4.2
2024-09-22,1.4
2024-09-23,0.0
2024-09-24,1.1
2024-09-25,18.7
2024-09-26,19.7
2024-09-27,101.0
2024-09-28,89.3
2024-09-29,1.7
2024-09-30,3.9
2024-10-01,7.4
2024-10-02,8.8
2024-10-03,27.5
2024-10-04,4.1
2024-10-05,1.5
2024-10-06,0.9
2024-10-07,1.9
2024-10-08,0.5
2024-10-09,0.8
2024-10-10,13.7
2024-10-11,1.2
2024-10-12,0.2
2024-10-13,3.9
2024-10-14,11.7
2024-10-15,1.8
2024-10-16,5.7
2024-10-17,38.1
2024-10-18,1.9
2024-10-19,1.8
2024-10-20,3.3
2024-10-21,0.0
2024-10-22,0.0
2024-10-23,0.0
2024-10-24,0.4
2024-10-25,0.6
2024-10-26,0.0
2024-10-27,0.0
2024-10-28,1.6
2024-10-29,0.6
2024-10-30,1.1
2024-10-31,5.2
2024-11-01,2.5
2024-11-02,0.4
2024-11-03,0.7
2024-11-04,20.4
2024-11-05,0.8
2024-11-06,0.0
2024-11-07,0.0
2024-11-08,4.3
2024-11-09,4.5
2024-11-10,0.6
2024-11-11,0.1
2024-11-12,3.1
2024-11-13,0.4
2024-11-14,2.0
2024-11-15,0.0
2024-11-16,0.3
2024-11-17,0.0
2024-11-18,0.5
2024-11-19,0.2
2024-11-20,0.0
2024-11-21,0.0
2024-11-22,0.3
2024-11-23,0.0
2024-11-24,0.3
2024-11-25,4.5
2024-11-26,5.6
2024-11-27,1.6
2024-11-28,0.0
2024-11-29,0.0
2024-11-30,0.0
2024-12-01,0.0
2024-12-02,0.0
2024-12-03,0.0
2024-12-04,0.0
2024-12-05,0.0
2024-12-06,12.7
2024-12-07,1.8
2024-12-08,0.1
2024-12-09,0.6
2024-12-10,0.0
2024-12-11,0.0
2024-12-12,0.0
2024-12-13,0.0
2024-12-14,0.0
2024-12-15,0.0
2024-12-16,0.0
2024-12-17,0.0
2024-12-18,0.0
2024-12-19,0.0
2024-12-20,0.0
2024-12-21,0.5
2024-12-22,2.7
2024-12-23,0.0
2024-12-24,0.0
2024-12-25,0.0
2024-12-26,0.0
2024-12-27,0.0
2024-12-28,0.0
2024-12-29,2.3
2024-12-30,0.1
2024-12-31,0.0
2025-01-01,0.0
2025-01-02,0.0
2025-01-03,0.0
2025-01-04,0.0
2025-01-05,0.0
2025-01-06,0.0
2025-01-07,20.4
2025-01-08,0.0
2025-01-09,0.0
2025-01-10,0.0
2025-01-11,0.0
2025-01-12,0.5
2025-01-13,0.2
2025-01-14,0.0
2025-01-15,0.0
2025-01-16,0.0
2025-01-17,0.0
2025-01-18,0.0
2025-01-19,0.0
2025-01-20,0.0
2025-01-21,0.0
2025-01-22,0.0
2025-01-23,0.0
2025-01-24,0.0
2025-01-25,0.0
2025-01-26,0.8
2025-01-27,0.0
2025-01-28,0.6
2025-01-29,0.1
2025-01-30,2.9
2025-01-31,0.0
2025-02-01,0.0
2025-02-02,0.0
2025-02-03,0.0
2025-02-04,0.0
2025-02-05,25.1
2025-02-06,3.2
2025-02-07,0.0
2025-02-08,0.1
2025-02-09,2.0
2025-02-10,3.1
2025-02-11,4.2
2025-02-12,3.5
2025-02-13,0.0
2025-02-14,0.8
2025-02-15,9.0
2025-02-16,10.6
2025-02-17,18.6
2025-02-18,9.5
2025-02-19,16.6
2025-02-20,11.4
2025-02-21,1.5
2025-02-22,5.1
2025-02-23,3.8
2025-02-24,30.9
2025-02-25,8.2
2025-02-26,3.6
2025-02-27,6.5
2025-02-28,18.6
2025-03-01,8.1
2025-03-02,0.3
2025-03-03,0.0
2025-03-04,14.0
2025-03-05,5.8
2025-03-06,8.2
2025-03-07,31.4
2025-03-08,23.7
2025-03-09,0.8
2025-03-10,0.2
2025-03-11,1.2
2025-03-12,12.4
2025-03-13,3.9
2025-03-14,0.8
2025-03-15,1.5
2025-03-16,16.2
2025-03-17,6.5
2025-03-18,0.0
2025-03-19,5.0
2025-03-20,11.5
2025-03-21,27.9
2025-03-22,2.6
2025-03-23,0.0
2025-03-24,0.2
2025-03-25,0.0
2025-03-26,0.0
2025-03-27,0.0
2025-03-28,0.8
2025-03-29,0.0
2025-03-30,0.0
2025-03-31,0.0
2025-04-01,0.0
2025-04-02,0.0
2025-04-03,0.4
2025-04-04,0.0
2025-04-05,0.0
2025-04-06,0.0
2025-04-07,0.0
2025-04-08,0.0
2025-04-09,0.5
2025-04-10,4.0
2025-04-11,1.9
2025-04-12,1.8
2025-04-13,0.7
2025-04-14,4.6
2025-04-15,0.0
2025-04-16,0.1
2025-04-17,4.0
2025-04-18,0.1
2025-04-19,8.4
2025-04-20,4.6
2025-04-21,3.5
2025-04-22,1.5
2025-04-23,0.4
2025-04-24,0.7
2025-04-25,0.0
2025-04-26,1.2
2025-04-27,2.6
2025-04-28,6.6
2025-04-29,2.4
2025-04-30,0.7
2025-05-01,2.2
2025-05-02,0.8
2025-05-03,1.0
2025-05-04,2.6
2025-05-05,5.6
2025-05-06,0.0
2025-05-07,3.3
2025-05-08,1.1
2025-05-09,1.8
2025-05-10,1.5
2025-05-11,19.0
2025-05-12,8.4
2025-05-13,5.1
2025-05-14,4.1
2025-05-15,1.0
2025-05-16,11.3
2025-05-17,0.3
2025-05-18,2.9
2025-05-19,2.5
2025-05-20,2.7
2025-05-21,1.8
2025-05-22,5.2
2025-05-23,1.2
2025-05-24,4.6
2025-05-25,3.8
2025-05-26,9.3
2025-05-27,1.3
2025-05-28,5.6
2025-05-29,1.3
2025-05-30,27.5
2025-05-31,6.0
2025-06-01,2.2
2025-06-02,3.7
2025-06-03,4.1
2025-06-04,0.6
2025-06-05,2.4
2025-06-06,3.6
2025-06-07,0.0
2025-06-08,0.4
2025-06-09,5.7
2025-06-10,0.7
2025-06-11,2.6
2025-06-12,13.3
2025-06-13,6.6
2025-06-14,9.1
2025-06-15,20.6
2025-06-16,17.8
2025-06-17,9.8
2025-06-18,21.6
2025-06-19,3.2
2025-06-20,21.5
2025-06-21,0.4
2025-06-22,5.2
2025-06-23,12.1
2025-06-24,6.6
2025-06-25,10.0
2025-06-26,6.1
2025-06-27,16.8
2025-06-28,5.4
2025-06-29,8.4
2025-06-30,3.9
2025-07-01,2.1
2025-07-02,1.2
2025-07-03,7.5
2025-07-04,7.4
2025-07-05,1.9
2025-07-06,5.0
2025-07-07,3.8
2025-07-08,7.0
2025-07-09,56.8
2025-07-10,1.7
2025-07-11,12.0
2025-07-12,1.6
2025-07-13,4.1
2025-07-14,11.1
2025-07-15,7.7
2025-07-16,7.9
2025-07-17,5.8
2025-07-18,1.2
2025-07-19,2.6
2025-07-20,58.0
2025-07-21,0.9
2025-07-22,15.9
2025-07-23,7.7
2025-07-24,0.9
2025-07-25,0.9
2025-07-26,19.3
2025-07-27,20.7
2025-07-28,37.3
2025-07-29,30.8
2025-07-30,5.4
2025-07-31,1.9
2025-08-01,7.4
2025-08-02,17.4
2025-08-03,23.0
2025-08-04,39.8
2025-08-05,27.1
2025-08-06,2.9
2025-08-07,7.6
2025-08-08,17.4
2025-08-09,2.2
2025-08-10,3.0
2025-08-11,61.5
2025-08-12,18.4
2025-08-13,54.6
2025-08-14,9.6
2025-08-15,1.2
2025-08-16,22.2
2025-08-17,6.9
2025-08-18,4.8
2025-08-19,1.0
2025-08-20,6.9
2025-08-21,8.8
2025-08-22,14.7
2025-08-23,2.7
2025-08-24,26.2
2025-08-25,13.2
2025-08-26,1.4
2025-08-27,2.0
2025-08-28,11.8
2025-08-29,13.3
2025-08-30,10.9
2025-08-31,6.1
2025-09-01,3.0
2025-09-02,4.9
2025-09-03,2.8
2025-09-04,7.9
2025-09-05,1.9
2025-09-06,1.6
2025-09-07,5.5
2025-09-08,7.5
2025-09-09,4.9
2025-09-10,1.3
2025-09-11,8.6
2025-09-12,3.6
2025-09-13,4.1
2025-09-14,21.2
2025-09-15,71.3
2025-09-16,10.4
2025-09-17,21.1
2025-09-18,3.7
2025-09-19,3.0
2025-09-20,3.9
2025-09-21,1.3
2025-09-22,0.0
2025-09-23,2.2
2025-09-24,2.4
2025-09-25,5.1
2025-09-26,0.0
2025-09-27,1.8
2025-09-28,12.5
2025-09-29,18.1
2025-09-30,6.0
2025-10-01,2.0
2025-10-02,12.3
2025-10-03,2.0
2025-10-04,29.7
2025-10-05,7.9
2025-10-06,0.9
2025-10-07,0.1
2025-10-08,0.7
2025-10-09,2.1
2025-10-10,0.0
2025-10-11,0.0
2025-10-12,0.0
2025-10-13,0.0
2025-10-14,0.0
2025-10-15,0.0
2025-10-16,0.0
2025-10-17,0.0
2025-10-18,0.0
2025-10-19,0.0
2025-10-20,0.0
2025-10-21,0.0
2025-10-22,0.0
2025-10-23,6.6
2025-10-24,0.0
2025-10-25,4.5
2025-10-26,0.1
2025-10-27,1.2
2025-10-28,32.3
2025-10-29,2.2
2025-10-30,22.4
2025-10-31,7.1
2025-11-01,6.9
2025-11-02,0.5
2025-11-03,2.5
2025-11-04,0.2
2025-11-05,23.7
2025-11-06,0.1
2025-11-07,0.0
2025-11-08,0.0
2025-11-09,0.6
2025-11-10,0.0
2025-11-11,1.2
2025-11-12,0.1
2025-11-13,0.0
2025-11-14,0.0
2025-11-15,0.0
2025-11-16,0.0
2025-11-17,0.0
2025-11-18,0.0
2025-11-19,0.0
2025-11-20,0.5
2025-11-21,0.7
2025-11-22,3.0
2025-11-23,0.1
2025-11-24,0.0
2025-11-25,0.0
2025-11-26,0.0
2025-11-27,0.0
2025-11-28,0.0
2025-11-29,0.0
2025-11-30,0.0
2025-12-01,0.0
2025-12-02,0.3
2025-12-03,0.0
2025-12-04,0.0
2025-12-05,0.0
2025-12-06,0.0
2025-12-07,0.0
2025-12-08,0.0
2025-12-09,0.0
2025-12-10,0.0
2025-12-11,0.0
2025-12-12,0.0
2025-12-13,0.0
2025-12-14,0.0
2025-12-15,0.0
2025-12-16,0.0
2025-12-17,0.0
2025-12-18,0.0
2025-12-19,0.0
2025-12-20,0.0
2025-12-21,0.0
2025-12-22,0.0
2025-12-23,0.0
2025-12-24,0.0
2025-12-25,0.2
2025-12-26,0.0
2025-12-27,0.0
2025-12-28,0.0
2025-12-29,0.1
2025-12-30,1.1
2025-12-31,0.0
2026-01-01,0.0
2026-01-02,14.7
2026-01-03,0.3
2026-01-04,0.3
2026-01-05,0.1
2026-01-06,0.0
2026-01-07,0.0
2026-01-08,0.0
2026-01-09,0.0
2026-01-10,0.0
2026-01-11,0.0
2026-01-12,0.0
2026-01-13,0.0
2026-01-14,0.0
2026-01-15,0.3
2026-01-16,0.0
2026-01-17,0.0
2026-01-18,0.0
2026-01-19,0.9
2026-01-20,0.0
2026-01-21,0.0
2026-01-22,0.0
2026-01-23,0.0
2026-01-24,1.7
2026-01-25,0.7
2026-01-26,0.6
2026-01-27,0.0
2026-01-28,12.8
2026-01-29,1.6
2026-01-30,3.6
2026-01-31,0.0
2026-02-01,0.2
2026-02-02,5.0
2026-02-03,0.6
2026-02-04,0.0
2026-02-05,1.0
2026-02-06,0.0
2026-02-07,1.7
2026-02-08,2.1
2026-02-09,0.8
2026-02-10,9.9
2026-02-11,7.0
2026-02-12,18.9
2026-02-13,0.0
2026-02-14,0.0
2026-02-15,16.7
2026-02-16,0.0
2026-02-17,0.0
2026-02-18,0.0
2026-02-19,0.4
2026-02-20,0.0
2026-02-21,0.0
2026-02-22,2.9
2026-02-23,0.0
2026-02-24,6.8
2026-02-25,11.4
2026-02-26,1.7
2026-02-27,3.7
2026-02-28,16.5
2026-03-01,1.1
2026-03-02,0.4
2026-03-03,2.2
2026-03-04,0.2
2026-03-05,0.0
2026-03-06,4.7
2026-03-07,3.0
2026-03-08,0.5
2026-03-09,7.0
2026-03-10,1.7
2026-03-11,1.4
2026-03-12,1.8
2026-03-13,2.4
2026-03-14,0.9
2026-03-15,20.2
2026-03-16,4.6
2026-03-17,0.0
2026-03-18,0.3
2026-03-19,1.4
2026-03-20,4.6
2026-03-21,10.8
2026-03-22,3.1
2026-03-23,12.7
2026-03-24,9.0
2026-03-25,0.2
2026-03-26,12.8
2026-03-27,16.2
2026-03-28,5.0
2026-03-29,2.3
2026-03-30,0.8
2026-03-31,5.1
2026-04-01,2.1
2026-04-02,3.2
2026-04-03,1.3
2026-04-04,15.2
2026-04-05,3.3
2026-04-06,3.7
2026-04-07,1.5
2026-04-08,15.1
2026-04-09,18.2
2026-04-10,1.1
2026-04-11,1.3
2026-04-12,2.2
2026-04-13,0.0
2026-04-14,4.8
2026-04-15,0.2
2026-04-16,0.0
2026-04-17,0.7
2026-04-18,1.5
2026-04-19,2.9
2026-04-20,4.8
2026-04-21,0.7
2026-04-22,0.0
2026-04-23,0.0
2026-04-24,0.2
2026-04-25,2.6
2026-04-26,5.5
2026-04-27,6.2
2026-04-28,4.3
2026-04-29,16.6
2026-04-30,10.8
2026-05-01,2.4
2026-05-02,0.3
2026-05-03,3.0
2026-05-04,12.4
2026-05-05,2.7
2026-05-06,4.3
2026-05-07,5.6
2026-05-08,0.8
2026-05-09,7.5
2026-05-10,1.0
2026-05-11,0.3
2026-05-12,10.6
2026-05-13,3.1
2026-05-14,6.6
2026-05-15,2.1
2026-05-16,3.0
2026-05-17,2.7
2026-05-18,1.3
2026-05-19,3.7
2026-05-20,2.8
2026-05-21,5.1
2026-05-22,2.7
2026-05-23,0.9
2026-05-24,2.4
2026-05-25,4.2
2026-05-26,4.6
2026-05-27,0.2
2026-05-28,2.5
2026-05-29,23.1
2026-05-30,9.6
2026-05-31,7.1
2026-06-01,2.0
2026-06-02,3.2
2026-06-03,2.1
2026-06-04,5.4
2026-06-05,8.1
2026-06-06,8.5
2026-06-07,7.7
2026-06-08,8.6
2026-06-09,5.1
2026-06-10,8.3
2026-06-11,11.1
2026-06-12,5.6
2026-06-13,3.6
2026-06-14,3.1
2026-06-15,5.1
2026-06-16,2.3
2026-06-17,5.9
2026-06-18,11.2
2026-06-19,9.2
2026-06-20,7.0
2026-06-21,15.8
2026-06-22,24.3
2026-06-23,5.0
2026-06-24,7.0
2026-06-25,14.1
2026-06-26,2.3
2026-06-27,4.3
2026-06-28,6.8
2026-06-29,17.7
2026-06-30,10.6
2026-07-01,2.5
2026-07-02,8.8
2026-07-03,8.8
2026-07-04,29.3
2026-07-05,34.7
2026-07-06,16.0
2026-07-07,10.5
2026-07-08,42.7
2026-07-09,29.7
2026-07-10,16.4
2026-07-11,4.7
2026-07-12,15.1
2026-07-13,37.3
2026-07-14,36.6
2026-07-15,6.6
2026-07-16,7.8
2026-07-17,20.0
2026-07-18,61.7
2026-07-19,22.4
2026-07-20,4.1
2026-07-21,7.9
2026-07-22,8.2
2026-07-23,11.7
2026-07-24,4.1
2026-07-25,14.8
2026-07-26,3.9
2026-07-27,30.7
2026-07-28,0.7
2026-07-29,4.0
2026-07-30,8.5
2026-07-31,15.3
2026-08-01,6.1
2026-08-02,17.9
2026-08-03,31.4
2026-08-04,7.2
2026-08-05,50.1
2026-08-06,109.9
2026-08-07,3.6
2026-08-08,15.7
2026-08-09,3.6
2026-08-10,14.5
2026-08-11,4.2
2026-08-12,6.6
2026-08-13,90.5
2026-08-14,68.2
2026-08-15,8.5
2026-08-16,50.5
2026-08-17,29.3
2026-08-18,12.7
2026-08-19,3.9
2026-08-20,7.7
2026-08-21,12.9
2026-08-22,14.5
2026-08-23,1.5
2026-08-24,15.7
2026-08-25,6.8
2026-08-26,1.8
2026-08-27,0.6
2026-08-28,7.1
2026-08-29,12.3
2026-08-30,16.7
2026-08-31,1.0
2026-09-01,18.4
2026-09-02,14.8
2026-09-03,13.0
2026-09-04,10.8
2026-09-05,9.2
2026-09-06,4.6
2026-09-07,2.8
2026-09-08,2.5
2026-09-09,7.0
2026-09-10,6.4
2026-09-11,10.4
2026-09-12,2.4
2026-09-13,9.5
2026-09-14,4.3
2026-09-15,7.3
2026-09-16,3.9
2026-09-17,3.3
2026-09-18,3.5
2026-09-19,0.2
2026-09-20,0.4
2026-09-21,7.9
2026-09-22,2.0
2026-09-23,3.9
2026-09-24,24.4
2026-09-25,97.6
2026-09-26,79.8
2026-09-27,63.5
2026-09-28,0.5
2026-09-29,2.9
2026-09-30,4.6
2026-10-01,4.1
2026-10-02,7.0
2026-10-03,6.2
